N,P,K,OC
38.0,90.2,310.4,0.26
113.0,21.5,428.3,0.2
113.0,0.8,347.6,0.14
113.0,0.8,329.0,0.39
201.0,0.8,521.0,0.48
151.0,16.1,323.0,0.25
314.0,0.8,397.0,0.15
376.0,18.4,416.0,0.14
351.0,8.4,130.4,0.34
326.0,10.8,142.8,0.23
125.0,4.1,49.2,0.3
125.0,4.1,49.2,0.3
238.0,72.8,35.1,0.44
238.0,72.8,35.1,0.44
238.0,72.8,35.1,0.44
238.0,72.8,35.1,0.44
238.0,72.8,35.1,0.44
276.0,112.8,49.2,0.32
238.0,72.8,35.1,0.44
289.0,7.6,28.1,0.11
289.0,7.6,28.1,0.11
289.0,7.6,28.1,0.11
289.0,7.6,28.1,0.11
188.0,48.8,35.1,0.18
188.0,66.4,63.2,0.27
163.0,8.8,35.1,0.48
163.0,8.8,35.1,0.48
163.0,8.8,35.1,0.48
163.0,8.8,35.1,0.48
163.0,8.8,35.1,0.48
163.0,8.8,35.1,0.48
201.0,12.3,49.2,0.29
201.0,12.3,49.2,0.29
201.0,12.3,49.2,0.29
238.0,13.1,99.3,0.1
113.0,14.6,229.7,0.14
100.0,14.7,42.1,0.62
100.0,14.7,42.1,0.62
100.0,14.7,42.1,0.62
100.0,14.7,42.1,0.62
100.0,14.7,42.1,0.62
100.0,14.7,42.1,0.62
113.0,68.7,49.2,0.2
226.0,12.3,49.2,0.38
226.0,12.3,49.2,0.38
226.0,12.3,49.2,0.38
226.0,12.3,49.2,0.38
226.0,12.3,49.2,0.38
226.0,12.3,49.2,0.38
226.0,12.3,49.2,0.38
50.0,5.9,28.1,0.17
138.0,59.3,49.2,0.18
163.0,11.2,42.1,0.42
163.0,11.2,42.1,0.42
351.0,37.59,35.1,0.11
351.0,37.59,35.1,0.11
351.0,37.59,35.1,0.11
351.0,37.59,35.1,0.11
88.0,76.9,35.1,0.26
88.0,76.9,35.1,0.26
276.0,40.53,56.2,0.27
201.0,10.0,42.1,0.8
314.0,1.8,35.1,0.68
351.0,22.3,56.2,0.32
50.0,13.5,42.1,0.17
289.0,36.42,49.2,0.19
125.0,31.72,49.2,0.11
188.0,11.2,49.2,0.28
314.0,1.8,35.1,0.68
314.0,1.8,35.1,0.68
314.0,1.8,35.1,0.68
263.0,135.0,42.1,0.23
314.0,5.9,49.2,0.18
289.0,3.5,28.1,0.69
113.0,14.6,229.7,0.14
88.0,76.9,35.1,0.26
113.0,14.6,434.0,0.14
226.0,3.8,515.0,0.4
113.0,0.8,180.0,0.32
201.0,15.9,56.2,0.51
163.0,12.3,42.1,0.16
226.0,1.8,49.2,0.87
226.0,1.8,49.2,0.12
226.0,1.8,49.2,0.87
289.0,4.7,35.1,0.89
289.0,4.7,35.1,0.89
289.0,4.7,35.1,0.89
289.0,4.7,35.1,0.89
289.0,4.7,35.1,0.89
75.0,18.2,21.1,0.52
314.0,18.2,28.1,0.5
151.0,11.2,28.1,0.68
88.0,15.9,42.1,0.36
88.0,15.9,42.1,0.36
138.0,12.3,28.1,0.65
113.0,27.0,21.1,0.52
151.0,37.59,56.2,0.37
113.0,12.3,35.0,0.5
113.0,12.3,35.0,0.5
151.0,11.2,28.1,0.68
113.0,12.3,35.0,0.5
226.0,12.3,28.1,0.71
314.0,17.7,366.0,0.1
125.0,11.7,105.3,0.34
75.0,86.8,335.2,0.18
75.0,86.8,335.2,0.18
75.0,86.8,335.2,0.18
100.0,10.0,285.5,0.27
100.0,10.0,285.5,0.27
100.0,10.0,285.5,0.27
100.0,10.0,285.5,0.27
100.0,10.0,285.5,0.27
75.0,86.8,335.2,0.18
100.0,10.0,285.5,0.27
100.0,10.0,285.5,0.27
151.0,19.2,154.5,0.39
188.0,32.3,323.0,0.25
100.0,31.5,540.0,0.17
100.0,31.5,540.0,0.17
100.0,31.5,540.0,0.17
75.0,10.0,584.0,0.12
75.0,30.0,614.0,0.41
25.0,16.1,379.0,0.08
100.0,16.9,317.0,0.16
25.0,16.1,379.0,0.08
25.0,16.1,379.0,0.08
25.0,16.1,379.0,0.08
38.0,26.9,502.0,0.2
63.0,20.7,378.6,0.28
151.0,1.5,428.3,0.34
176.0,15.4,428.3,0.45
50.0,28.4,360.0,0.21
113.0,16.1,434.5,0.23
63.0,20.7,378.6,0.24
50.0,28.4,360.0,0.21
151.0,13.1,384.9,0.18
176.0,15.4,428.3,0.45
50.0,28.4,360.0,0.21
326.0,20.7,329.0,0.28
38.0,10.6,140.5,0.69
176.0,14.1,273.9,0.53
75.0,5.9,84.3,0.21
113.0,96.8,186.2,0.09
88.0,185.9,130.4,0.74
151.0,197.4,198.6,0.19
151.0,197.4,198.6,0.19
151.0,197.4,198.6,0.19
113.0,113.7,502.8,0.19
151.0,50.5,175.6,0.73
176.0,1.8,91.3,0.8
100.0,5.4,155.2,0.42
138.0,10.8,347.6,0.19
38.0,13.1,229.7,0.16
38.0,13.1,229.7,0.16
38.0,13.1,229.7,0.16
38.0,13.1,229.7,0.16
38.0,13.1,229.7,0.16
38.0,13.1,229.7,0.16
38.0,13.1,229.7,0.16
38.0,13.1,229.7,0.16
38.0,13.1,229.7,0.16
38.0,13.1,229.7,0.16
38.0,13.1,229.7,0.16
38.0,13.1,229.7,0.16
138.0,10.8,347.6,0.19
138.0,10.8,347.6,0.19
138.0,10.8,347.6,0.19
138.0,10.8,347.6,0.19
138.0,10.8,347.6,0.19
163.0,10.8,142.8,0.19
125.0,15.4,86.9,0.73
163.0,10.8,142.8,0.19
163.0,10.8,142.8,0.19
125.0,15.4,86.9,0.73
125.0,15.4,86.9,0.73
138.0,10.8,223.5,0.16
138.0,10.8,223.5,0.16
138.0,10.8,223.5,0.16
138.0,10.8,223.5,0.16
163.0,10.8,142.8,0.19
125.0,15.4,86.9,0.73
163.0,10.8,142.8,0.19
163.0,10.8,142.8,0.19
125.0,15.4,86.9,0.73
50.0,4.6,229.7,0.24
50.0,4.6,229.7,0.24
50.0,4.6,229.7,0.24
50.0,4.6,229.7,0.24
138.0,10.8,223.5,0.16
125.0,9.2,291.7,0.31
125.0,1.5,167.6,0.09
125.0,1.5,167.6,0.09
125.0,1.5,167.6,0.09
125.0,1.5,167.6,0.09
125.0,1.5,167.6,0.09
125.0,1.5,167.6,0.09
125.0,1.5,167.6,0.09
125.0,1.5,167.6,0.09
125.0,1.5,167.6,0.09
125.0,1.5,167.6,0.09
125.0,1.5,167.6,0.09
125.0,1.5,167.6,0.09
125.0,1.5,167.6,0.09
50.0,4.6,229.7,0.24
50.0,4.6,229.7,0.24
50.0,4.6,229.7,0.24
50.0,4.6,229.7,0.24
176.0,2.3,155.2,0.31
201.0,10.0,186.2,0.29
201.0,10.0,186.2,0.29
201.0,10.0,186.2,0.29
201.0,10.0,186.2,0.29
201.0,10.0,186.2,0.29
201.0,10.0,186.2,0.29
201.0,10.0,186.2,0.29
201.0,10.0,186.2,0.29
201.0,10.0,186.2,0.29
201.0,10.0,186.2,0.29
201.0,10.0,186.2,0.29
201.0,10.0,186.2,0.29
213.0,8.4,478.0,0.19
238.0,1.5,596.0,0.13
176.0,16.1,602.0,0.13
151.0,10.0,130.4,0.08
151.0,10.0,130.4,0.08
151.0,10.0,130.4,0.08
151.0,10.0,130.4,0.08
163.0,11.5,99.3,0.06
163.0,11.5,99.3,0.06
151.0,14.16,111.7,0.42
151.0,14.16,111.7,0.42
138.0,18.4,434.5,0.5
176.0,9.2,428.3,1.4
238.0,7.7,273.1,0.1
113.0,5.4,204.8,0.55
113.0,6.9,322.8,0.46
238.0,10.0,471.8,0.06
88.0,1.5,285.5,0.54
176.0,3.1,211.0,0.55
201.0,2.8,99.3,0.35
138.0,6.1,409.7,0.3
88.0,1.5,285.5,0.54
238.0,10.0,471.8,0.06
38.0,4.6,111.7,0.1
151.0,5.4,173.8,0.43
151.0,6.1,285.5,0.19
125.0,0.8,446.9,0.54
163.0,4.6,446.9,0.43
138.0,6.1,453.1,0.53
163.0,6.1,105.5,1.21
176.0,9.2,428.3,1.4
188.0,7.7,260.7,0.44
88.0,45.31,86.9,0.27
100.0,16.9,248.3,0.39
63.0,0.8,198.6,0.35
25.0,26.1,149.0,0.41
138.0,5.4,316.6,0.36
138.0,5.4,316.6,0.36
25.0,50.69,260.7,0.15
25.0,26.1,149.0,0.41
25.0,50.69,260.7,0.15
13.0,36.1,130.4,0.24
113.0,11.5,12.4,0.44
151.0,31.5,397.3,0.15
100.0,22.3,155.2,0.39
50.0,16.9,111.7,0.53
100.0,22.3,155.2,0.39
100.0,59.1,62.1,0.21
176.0,5.4,211.0,0.45
38.0,9.2,117.9,0.24
50.0,16.9,111.7,0.53
38.0,11.5,130.4,0.27
25.0,1.5,147.5,0.36
113.0,13.1,316.0,0.56
138.0,37.6,182.6,0.28
151.0,63.0,259.9,0.28
163.0,20.6,70.2,0.57
176.0,3.5,305.0,0.32
25.0,44.6,168.6,0.47
163.0,9.4,126.4,0.8
113.0,85.8,119.4,0.8
38.0,2.9,119.4,0.65
38.0,2.9,119.4,0.65
50.0,6.5,77.3,0.87
100.0,18.8,168.6,0.95
125.0,8.8,273.9,0.71
176.0,105.7,168.6,0.47
138.0,0.6,49.2,0.65
13.0,21.1,154.5,0.28
88.0,20.0,49.2,0.58
63.0,55.8,575.9,0.56
138.0,63.4,407.3,0.66
138.0,63.4,407.3,0.66
163.0,13.5,105.3,0.11
25.0,67.0,84.3,0.53
63.0,55.8,575.9,0.56
25.0,67.0,84.3,0.53
213.0,11.7,280.9,0.34
25.0,19.4,126.4,0.75
63.0,11.5,111.7,0.41
63.0,11.5,111.7,0.41
201.0,9.2,68.3,0.38
201.0,9.2,68.3,0.38
201.0,9.2,68.3,0.38
201.0,9.2,68.3,0.38
201.0,9.2,68.3,0.38
201.0,9.2,68.3,0.38
201.0,9.2,68.3,0.38
63.0,13.8,86.9,0.2
201.0,9.2,68.3,0.38
63.0,11.5,111.7,0.41
125.0,30.0,105.5,0.25
125.0,30.0,105.5,0.25
125.0,30.0,105.5,0.25
151.0,3.8,117.9,0.2
151.0,3.8,117.9,0.2
125.0,30.0,105.5,0.25
125.0,30.0,105.5,0.25
201.0,9.2,68.3,0.38
113.0,5.9,35.1,0.97
50.0,18.2,21.1,0.39
213.0,45.2,42.1,0.34
163.0,24.7,21.1,0.89
238.0,31.13,63.2,0.89
214.0,13.5,42.1,0.47
88.0,11.2,42.1,0.27
238.0,31.13,63.2,0.89
401.0,11.2,56.2,0.43
88.0,10.0,35.1,0.52
339.0,7.0,38.1,0.98
151.0,34.07,49.2,0.34
188.0,4.1,35.1,0.43
213.0,15.9,35.1,0.3
163.0,20.0,35.1,0.26
138.0,11.2,49.2,0.41
113.0,45.2,49.2,0.36
301.0,15.9,49.2,0.46
63.0,13.1,49.7,0.3
50.0,9.2,86.9,0.38
100.0,6.9,434.0,0.15
100.0,60.5,89.6,0.94
276.0,1.8,28.1,0.14
276.0,1.8,28.1,0.14
276.0,1.8,28.1,0.14
276.0,1.8,28.1,0.14
276.0,1.8,28.1,0.14
238.0,57.6,117.9,0.03
213.0,16.1,173.8,0.19
213.0,16.1,173.8,0.19
213.0,16.1,173.8,0.19
213.0,16.1,173.8,0.19
226.0,4.6,621.0,0.1
188.0,15.4,341.4,0.23
188.0,15.4,341.4,0.23
100.0,16.1,335.2,0.39
100.0,16.1,335.2,0.39
100.0,16.1,335.2,0.39
100.0,16.1,335.2,0.39
100.0,16.1,335.2,0.39
100.0,16.1,335.2,0.39
100.0,16.1,335.2,0.39
100.0,16.1,335.2,0.39
100.0,16.1,335.2,0.39
100.0,16.1,335.2,0.39
314.0,16.4,35.1,0.3
301.0,28.2,28.1,0.24
301.0,28.2,28.1,0.24
301.0,28.2,28.1,0.24
301.0,28.2,28.1,0.24
301.0,28.2,28.1,0.24
301.0,28.2,28.1,0.24
301.0,28.2,28.1,0.24
301.0,28.2,28.1,0.24
301.0,28.2,28.1,0.24
301.0,28.2,28.1,0.24
301.0,28.2,28.1,0.24
301.0,28.2,28.1,0.24
151.0,6.5,168.6,0.34
151.0,6.5,168.6,0.34
151.0,6.5,168.6,0.34
113.0,6.1,347.6,0.12
125.0,14.6,552.4,0.16
125.0,14.6,552.4,0.16
125.0,14.6,552.4,0.16
125.0,14.6,552.4,0.16
125.0,14.6,552.4,0.16
125.0,14.6,552.4,0.16
125.0,14.6,552.4,0.16
125.0,14.6,552.4,0.16
125.0,14.6,552.4,0.16
125.0,14.6,552.4,0.16
125.0,14.6,552.4,0.16
125.0,14.6,552.4,0.16
138.0,18.4,161.5,0.19
113.0,36.9,463.5,0.05
63.0,79.2,168.6,0.47
50.0,5.4,335.0,0.42
238.0,12.3,602.0,0.24
201.0,13.8,379.0,0.97
188.0,10.0,397.0,0.45
238.0,16.1,478.0,0.18
226.0,13.1,397.0,0.24
213.0,3.8,397.0,0.42
188.0,14.6,447.0,0.3
238.0,14.6,521.0,0.22
238.0,1.5,447.0,0.24
226.0,2.3,397.0,0.3
188.0,10.0,583.0,0.32
226.0,1.5,354.0,0.33
151.0,3.8,379.0,0.23
201.0,15.4,621.0,0.32
213.0,0.8,521.0,0.49
289.0,18.1,379.0,0.35
188.0,14.6,447.0,0.3
238.0,14.6,521.0,0.22
226.0,6.9,621.0,0.64
75.0,49.15,210.7,0.25
50.0,16.9,182.6,0.42
38.0,22.3,112.4,0.6
163.0,29.2,147.5,0.47
213.0,34.6,196.6,0.06
63.0,36.9,180.0,0.08
63.0,36.9,180.0,0.08
238.0,57.6,117.9,0.03
163.0,118.3,167.6,0.08
113.0,34.6,204.8,0.13
113.0,34.6,204.8,0.13
113.0,34.6,204.8,0.13
63.0,35.3,192.4,0.3
63.0,35.3,192.4,0.3
63.0,35.3,192.4,0.3
88.0,13.8,279.3,0.05
226.0,42.4,447.0,0.27
151.0,16.9,323.0,0.25
188.0,9.2,354.0,0.1
251.0,36.9,366.0,0.18
226.0,10.8,621.0,0.58
301.0,139.0,366.0,0.16
276.0,20.0,546.0,0.18
226.0,2.9,35.1,0.71
263.0,6.5,203.7,0.91
251.0,27.6,63.2,0.53
176.0,5.9,77.3,0.34
100.0,19.4,70.2,0.13
176.0,3.5,147.5,0.53
213.0,28.8,91.3,1.15
213.0,28.8,91.3,1.15
188.0,11.7,133.4,0.68
125.0,2.9,154.5,0.91
263.0,13.5,175.6,1.13
263.0,13.5,175.6,1.13
63.0,27.0,70.2,0.63
63.0,27.0,70.2,0.63
176.0,1.8,77.3,0.94
176.0,1.8,77.3,0.94
100.0,12.3,235.9,3.0
13.0,14.6,80.7,0.41
88.0,23.8,173.8,0.24
113.0,19.2,86.9,0.45
50.0,26.1,62.1,0.48
88.0,0.8,31.0,0.38
88.0,0.8,31.0,0.38
63.0,35.3,254.5,0.41
125.0,13.8,117.9,0.12
151.0,20.0,149.0,0.45
125.0,13.8,117.9,0.12
113.0,76.8,99.3,0.45
88.0,23.0,55.9,0.45
100.0,16.1,512.7,0.41
25.0,27.6,526.7,0.21
289.0,7.6,147.5,0.41
226.0,20.0,126.4,0.12
226.0,20.0,126.4,0.12
226.0,20.0,126.4,0.12
226.0,20.0,126.4,0.12
176.0,0.6,35.1,0.12
38.0,5.9,35.1,0.24
38.0,5.9,35.1,0.24
38.0,5.9,35.1,0.24
38.0,5.9,35.1,0.24
38.0,5.9,35.1,0.24
151.0,8.8,105.3,0.16
263.0,13.5,56.2,0.18
301.0,29.4,35.1,0.12
251.0,5.3,56.2,0.18
251.0,5.3,56.2,0.18
251.0,5.3,56.2,0.18
138.0,10.0,77.3,0.31
138.0,10.0,77.3,0.31
138.0,10.0,77.3,0.31
138.0,10.0,77.3,0.31
138.0,10.0,77.3,0.31
138.0,10.0,77.3,0.31
276.0,7.0,56.2,0.14
263.0,2.9,63.2,0.09
289.0,17.6,56.2,0.38
151.0,8.4,198.6,0.22
188.0,55.3,229.7,0.11
50.0,29.2,149.0,0.22
50.0,29.2,149.0,0.22
50.0,32.3,235.9,0.19
50.0,32.3,235.0,0.19
100.0,10.0,167.6,0.18
188.0,23.8,130.4,0.21
151.0,34.6,155.2,0.06
188.0,23.8,130.4,0.21
151.0,8.4,198.6,0.22
88.0,3.1,434.5,0.06
38.0,23.0,254.5,0.25
100.0,18.4,279.3,0.18
113.0,23.0,186.2,0.1
226.0,23.0,161.4,0.02
201.0,26.9,223.5,0.31
201.0,26.9,223.5,0.31
163.0,12.3,86.9,0.45
163.0,4.6,329.0,0.25
100.0,13.8,558.7,0.56
75.0,13.1,180.0,0.13
75.0,13.1,180.0,0.13
163.0,4.6,329.0,0.25
163.0,4.6,329.0,0.25
163.0,4.6,329.0,0.25
163.0,4.6,329.0,0.25
163.0,4.6,329.0,0.25
163.0,4.6,329.0,0.25
163.0,4.6,329.0,0.25
163.0,4.6,329.0,0.25
163.0,4.6,329.0,0.25
163.0,4.6,329.0,0.25
163.0,4.6,329.0,0.25
201.0,20.7,167.6,0.25
201.0,20.7,167.6,0.25
138.0,31.5,136.6,0.25
138.0,31.5,136.6,0.25
113.0,10.0,372.4,0.64
113.0,10.0,372.4,0.64
138.0,9.2,155.2,0.25
138.0,9.2,155.2,0.25
138.0,9.2,155.2,0.25
138.0,9.2,155.2,0.25
138.0,9.2,155.2,0.25
138.0,9.2,155.2,0.25
25.0,9.2,142.8,0.44
201.0,23.0,27.31,0.56
25.0,9.2,142.8,0.44
188.0,9.2,93.1,0.25
188.0,9.2,93.1,0.25
188.0,9.2,93.1,0.25
50.0,16.1,316.0,0.56
38.0,16.1,35.1,0.51
301.0,20.7,93.1,0.19
75.0,6.1,620.7,0.1
75.0,6.1,620.7,0.1
163.0,4.6,620.7,0.43
163.0,4.6,620.7,0.43
13.0,1.5,620.7,0.11
13.0,1.5,620.7,0.11
25.0,9.2,620.7,0.63
151.0,9.2,620.7,0.2
151.0,9.2,620.7,0.2
188.0,13.1,620.7,0.2
188.0,13.1,620.7,0.2
188.0,13.1,620.7,0.2
188.0,13.1,620.7,0.2
188.0,0.8,620.7,0.56
188.0,0.8,620.7,0.56
13.0,81.4,133.4,0.47
50.0,80.6,98.3,0.5
113.0,27.6,491.6,0.19
25.0,20.7,632.1,0.25
63.0,14.6,463.5,0.19
151.0,51.46,196.6,0.39
88.0,76.8,98.3,0.15
289.0,27.6,124.1,0.14
426.0,26.1,111.7,0.12
100.0,13.8,245.8,0.19
151.0,50.69,192.4,0.24
50.0,110.6,285.5,0.29
2.1,139.8,242.1,0.49
176.0,98.3,68.3,0.34
176.0,98.3,68.3,0.34
125.0,21.5,409.7,0.28
138.0,116.0,446.9,0.33
138.0,116.0,446.9,0.33
138.0,116.0,446.9,0.33
113.0,90.6,192.4,0.3
50.0,112.9,235.9,0.23
50.0,112.9,235.9,0.23
50.0,112.9,235.9,0.23
50.0,112.9,235.9,0.23
151.0,82.2,248.3,0.52
50.0,82.02,515.2,0.35
50.0,82.02,515.2,0.35
50.0,82.02,515.2,0.35
50.0,82.02,515.2,0.35
50.0,82.02,515.2,0.35
50.0,82.02,515.2,0.35
50.0,82.02,515.2,0.35
13.0,1.5,260.7,0.46
13.0,1.5,260.7,0.46
13.0,1.5,260.7,0.46
213.0,3.8,409.7,0.43
213.0,3.8,409.7,0.43
13.0,1.5,260.7,0.46
113.0,9.2,322.8,0.23
50.0,8.4,403.5,0.25
38.0,13.1,620.7,0.16
38.0,13.1,620.7,0.16
138.0,13.8,620.7,0.56
188.0,10.0,620.7,0.16
188.0,10.0,620.7,0.16
188.0,10.0,620.7,0.16
188.0,10.0,620.7,0.16
188.0,10.0,620.7,0.16
188.0,10.0,620.7,0.16
188.0,10.0,620.7,0.16
188.0,10.0,620.7,0.16
188.0,10.0,620.7,0.16
188.0,10.0,620.7,0.16
188.0,10.0,620.7,0.16
188.0,10.0,620.7,0.16
188.0,10.0,620.7,0.16
188.0,10.0,620.7,0.16
50.0,2.3,254.0,0.05
88.0,46.85,62.1,0.21
125.0,16.9,111.7,0.3
38.0,9.2,62.1,0.24
125.0,10.0,74.5,0.42
100.0,29.2,99.3,0.23
100.0,14.6,68.3,0.2
88.0,28.4,99.3,0.39
151.0,37.6,223.5,0.21
88.0,8.4,198.6,0.23
151.0,11.5,223.5,0.45
75.0,4.6,49.7,0.45
201.0,7.7,247.6,0.06
125.0,27.6,471.8,0.08
38.0,25.3,161.4,0.17
201.0,7.7,247.6,0.06
25.0,27.6,322.8,0.33
25.0,27.6,322.8,0.33
25.0,27.6,322.8,0.33
25.0,27.6,322.8,0.33
25.0,27.6,322.8,0.33
25.0,27.6,322.8,0.33
25.0,27.6,322.8,0.33
25.0,27.6,322.8,0.33
25.0,27.6,322.8,0.33
25.0,27.6,322.8,0.33
25.0,27.6,322.8,0.33
25.0,27.6,322.8,0.33
201.0,43.01,316.6,0.34
201.0,43.01,316.6,0.34
201.0,43.01,316.6,0.34
201.0,43.01,316.6,0.34
201.0,43.01,316.6,0.34
201.0,43.01,316.6,0.34
201.0,43.01,316.6,0.34
201.0,43.01,316.6,0.34
201.0,43.01,316.6,0.34
201.0,43.01,316.6,0.34
201.0,43.01,316.6,0.34
201.0,43.01,316.6,0.34
201.0,43.01,316.6,0.34
201.0,43.01,316.6,0.34
201.0,43.01,316.6,0.34
201.0,43.01,316.6,0.34
201.0,43.01,316.6,0.34
201.0,43.01,316.6,0.34
201.0,43.01,316.6,0.34
201.0,43.01,316.6,0.34
201.0,43.01,316.6,0.34
201.0,43.01,316.6,0.34
201.0,43.01,316.6,0.34
201.0,43.01,316.6,0.34
201.0,43.01,316.6,0.34
201.0,43.01,316.6,0.34
201.0,43.01,316.6,0.34
201.0,43.01,316.6,0.34
201.0,43.01,316.6,0.34
201.0,43.01,316.6,0.34
201.0,43.01,316.6,0.34
25.0,6.9,316.6,0.31
125.0,12.9,252.8,0.65
38.0,14.1,245.8,0.46
176.0,97.5,186.2,0.3
176.0,97.5,186.2,0.3
151.0,23.8,142.8,0.19
50.0,119.0,74.5,0.14
63.0,31.5,186.2,0.3
63.0,31.5,186.2,0.3
138.0,98.3,68.3,0.3
75.0,28.4,124.1,0.3
188.0,51.46,124.1,0.22
263.0,46.4,84.3,0.1
138.0,12.9,147.5,1.05
100.0,21.7,42.1,0.87
88.0,8.2,42.1,0.63
25.0,5.3,46.2,0.03
238.0,37.0,70.2,0.53
213.0,20.6,70.2,0.97
188.0,10.6,119.4,0.3
251.0,11.7,70.2,0.43
251.0,11.7,70.2,0.43
238.0,32.3,621.0,0.35
13.0,0.8,49.7,0.2
25.0,5.9,358.2,0.69
13.0,12.9,196.6,0.12
63.0,10.0,126.4,0.35
50.0,126.9,316.0,0.85
50.0,126.9,316.0,0.85
63.0,8.8,323.1,0.39
63.0,8.8,323.1,0.39
50.0,12.9,449.5,0.12
50.0,12.9,449.5,0.12
13.0,11.2,309.0,0.92
38.0,6.5,133.4,0.42
63.0,142.0,351.2,0.69
38.0,10.0,14.0,0.46
13.0,11.7,252.8,0.58
38.0,10.6,280.9,0.46
38.0,10.6,14.0,0.06
75.0,11.2,133.4,0.92
75.0,9.4,154.5,0.4
188.0,12.3,372.2,0.15
25.0,11.2,309.0,0.65
188.0,11.7,105.3,0.28
63.0,10.6,133.4,0.74
25.0,3.5,379.2,0.3
25.0,115.1,196.6,0.12
13.0,11.7,259.9,0.4
50.0,10.6,280.9,0.62
63.0,11.7,77.3,0.63
38.0,13.5,280.9,0.79
63.0,8.2,182.6,0.02
63.0,8.2,182.6,0.02
50.0,12.9,330.1,0.99
38.0,11.7,259.9,0.53
63.0,11.7,175.6,0.12
63.0,12.3,196.6,0.46
63.0,12.3,196.6,0.46
38.0,11.9,224.7,0.83
75.0,12.3,491.6,0.7
63.0,106.9,286.3,0.1
25.0,13.5,287.6,1.24
63.0,12.9,196.6,0.39
13.0,10.0,196.6,1.07
13.0,10.0,196.6,1.07
63.0,12.3,196.6,0.46
63.0,12.3,196.6,0.46
38.0,12.9,161.5,0.35
38.0,2.9,161.5,0.35
100.0,26.9,223.0,0.1
100.0,26.9,223.0,0.1
38.0,29.2,130.0,0.14
138.0,53.76,143.0,0.43
138.0,53.76,143.0,0.43
25.0,49.15,254.0,0.12
25.0,23.8,236.0,0.1
138.0,23.8,317.0,0.12
100.0,10.0,112.0,0.2
63.0,52.3,192.0,0.1
63.0,52.3,192.0,0.1
188.0,13.8,161.0,0.18
188.0,13.8,161.0,0.18
188.0,13.8,161.0,0.18
188.0,13.8,161.0,0.18
25.0,43.78,261.0,0.21
3.0,25.3,174.0,0.24
75.0,67.6,168.0,0.18
75.0,67.6,168.0,0.18
75.0,67.6,168.0,0.18
25.0,22.3,270.0,0.18
151.0,17.7,62.0,0.12
151.0,17.7,62.0,0.12
151.0,17.7,62.0,0.12
151.0,17.7,62.0,0.12
151.0,17.7,62.0,0.12
25.0,23.8,236.0,0.1
25.0,23.8,236.0,0.1
38.0,14.6,137.0,0.15
25.0,22.3,270.0,0.18
38.0,28.4,646.1,0.51
50.0,43.78,561.9,0.31
163.0,6.1,512.7,0.47
50.0,43.78,561.9,0.31
13.0,46.08,192.4,0.3
100.0,22.3,43.0,0.36
88.0,0.8,310.4,0.36
75.0,5.4,93.1,0.05
88.0,11.5,149.0,0.3
63.0,1.5,124.1,0.45
75.0,60.7,25.0,0.34
75.0,60.7,25.0,0.34
75.0,60.7,25.0,0.34
113.0,16.9,12.0,0.25
138.0,13.1,25.0,0.2
151.0,16.9,31.0,0.27
113.0,16.9,12.0,0.25
113.0,16.9,12.0,0.25
113.0,16.9,12.0,0.25
125.0,24.6,99.0,0.23
125.0,24.6,99.0,0.23
125.0,24.6,99.0,0.23
125.0,24.6,99.0,0.23
125.0,24.6,99.0,0.23
63.0,22.3,428.0,0.36
63.0,22.3,428.0,0.36
63.0,22.3,428.0,0.36
63.0,22.3,428.0,0.36
75.0,39.94,478.0,0.2
201.0,33.8,478.0,0.11
201.0,33.8,478.0,0.11
201.0,33.8,478.0,0.11
113.0,33.0,25.0,0.24
201.0,22.3,50.0,0.39
201.0,22.3,50.0,0.39
50.0,15.4,130.0,0.36
151.0,12.3,19.0,0.3
151.0,12.3,19.0,0.3
75.0,9.2,31.0,0.3
75.0,9.2,31.0,0.3
125.0,34.6,31.0,0.39
125.0,34.6,31.0,0.39
138.0,23.8,341.0,0.12
176.0,17.7,527.0,0.11
176.0,17.7,527.0,0.11
176.0,17.7,527.0,0.11
213.0,38.4,199.0,0.35
213.0,38.4,199.0,0.35
213.0,38.4,199.0,0.35
213.0,38.4,199.0,0.35
213.0,38.4,199.0,0.35
213.0,38.4,199.0,0.35
63.0,21.5,12.0,0.45
63.0,21.5,12.0,0.45
163.0,16.9,43.0,0.27
163.0,26.1,12.0,0.35
163.0,26.1,12.0,0.35
163.0,26.1,12.0,0.35
176.0,32.3,37.0,0.45
138.0,22.3,19.0,0.26
125.0,23.0,354.0,0.39
125.0,23.0,354.0,0.39
176.0,20.7,515.0,0.26
176.0,20.7,515.0,0.26
176.0,20.7,515.0,0.26
176.0,20.7,515.0,0.26
188.0,46.08,602.0,0.27
63.0,30.0,341.0,0.23
63.0,20.7,31.0,0.15
63.0,21.5,12.0,0.45
63.0,21.5,12.0,0.45
13.0,48.38,119.4,0.19
151.0,31.5,147.5,0.25
63.0,6.9,295.0,0.37
63.0,37.6,203.7,0.39
100.0,30.7,470.6,0.32
113.0,129.8,133.4,0.38
176.0,63.7,119.4,0.17
13.0,26.9,161.5,0.38
38.0,38.4,84.3,0.16
125.0,46.08,384.9,0.25
125.0,46.08,384.9,0.25
201.0,26.9,223.5,0.31
201.0,26.9,223.5,0.31
113.0,79.1,589.7,0.18
113.0,79.1,589.7,0.18
50.0,75.3,397.3,0.25
113.0,23.8,463.5,0.33
138.0,55.3,403.5,0.1
138.0,55.3,403.5,0.1
63.0,75.3,182.6,0.21
213.0,24.6,147.5,0.38
13.0,6.1,161.0,0.45
75.0,1.5,62.0,0.44
63.0,13.8,199.0,0.09
151.0,9.2,111.7,0.3
88.0,16.9,192.4,0.26
100.0,7.7,142.8,0.23
100.0,7.7,142.8,0.23
113.0,3.8,24.8,0.21
100.0,7.7,242.0,0.16
100.0,7.7,242.0,0.16
100.0,7.7,242.0,0.16
38.0,19.2,621.0,0.21
50.0,2.3,254.0,0.05
50.0,2.3,254.0,0.05
151.0,16.1,80.7,0.21
100.0,4.6,304.2,0.09
100.0,4.6,304.2,0.09
100.0,4.6,304.2,0.09
100.0,6.1,155.2,0.11
125.0,0.8,279.3,0.21
25.0,5.4,99.3,0.25
25.0,5.4,99.3,0.25
63.0,15.4,428.3,0.05
50.0,34.6,105.5,0.22
63.0,154.0,428.3,0.05
88.0,544.0,347.6,0.27
75.0,37.6,192.4,0.23
75.0,37.6,192.4,0.23
75.0,37.6,192.4,0.23
13.0,3.8,217.3,0.2
13.0,3.8,217.3,0.2
100.0,23.0,167.6,0.41
50.0,24.6,31.0,0.13
100.0,23.8,130.4,0.21
63.0,13.1,484.2,0.42
