Latitude,Longitude,Feature_ID,Village,N,P,K,OC
14.142,79.848,28_515_shc_2024-25.5263,Cheekavolu,176.0,164.0,185.6,0.19
14.145,79.73,28_515_shc_2024-25.17989,Ananthamadugu,113.0,96.0,45.2,0.63
14.148,79.732,28_515_shc_2024-25.17981,Ananthamadugu,113.0,97.0,67.6,0.16
14.15,79.58,28_515_shc_2024-25.20016,Jorepalle,213.0,19.0,245.0,0.77
14.152696,79.703033,28_515_shc_2024-25.5699,Raganaramapuram,213.0,164.0,64.6,0.25
14.155,79.735,28_515_shc_2024-25.17963,Ananthamadugu,213.0,25.0,58.1,0.47
14.155,79.78,28_515_shc_2024-25.1567,Ramasagaram,301.0,66.0,12.9,0.39
14.158,79.592,28_515_shc_2024-25.19955,Jorepalle,100.0,19.0,303.0,0.64
14.16,79.735,28_515_shc_2024-25.9712,Molakalapundla,151.0,90.6,614.0,0.16
14.165,79.55,28_515_shc_2024-25.407,Siddavaram,176.0,1.0,167.0,0.87
14.165,79.65,28_515_shc_2024-25.3936,Molakalapundla,301.0,156.0,58.1,0.47
14.165,79.735,28_515_shc_2024-25.9815,Molakalapundla,364.0,38.2,58.7,0.16
14.165,79.89,28_515_shc_2024-25.12550,Venkanapalem,163.0,17.0,129.0,0.71
14.165,79.92,28_515_shc_2024-25.9453,Baddevolu,251.0,109.0,239.0,0.61
14.168,79.908,28_515_shc_2024-25.9036,Venkanapalem,213.0,80.0,400.0,0.85
14.172,79.912,28_515_shc_2024-25.9682,Baddevolu,100.0,25.0,181.0,0.56
14.172,79.918,28_515_shc_2024-25.5572,Baddevolu,251.0,43.0,420.0,0.99
14.173949,79.553736,28_515_shc_2024-25.871,Yepuru,201.0,3.0,103.0,0.83
14.175,79.43,28_515_shc_2024-25.1190,Molakalapundla,100.0,164.0,19.4,0.47
14.175,79.745,28_515_shc_2024-25.19985,Devaravemur,100.0,164.0,25.8,0.62
14.175,79.795,28_515_shc_2024-25.11819,Ramasagaram,176.0,164.0,19.4,0.31
14.175,79.9,28_515_shc_2024-25.1044,Venkanapalem,213.0,147.0,194.0,0.15
14.178,79.742,28_515_shc_2024-25.19035,Ananthamadugu,113.0,164.0,6.4,0.25
14.185,79.74,28_515_shc_2024-25.9687,Molakalapundla,213.0,38.2,25.8,0.63
14.185,79.93,28_515_shc_2024-25.9546,Pidurupalem,176.0,35.0,329.0,0.43
14.189896,79.787029,28_515_shc_2024-25.9746,Ramasagaram,113.0,92.0,25.8,0.18
14.19,79.785,28_515_shc_2024-25.11869,Ramasagaram,238.0,118.0,19.4,0.01
14.19,79.845,28_515_shc_2024-25.21383,Venkanapalem,163.0,52.0,123.0,0.45
14.19,79.855,28_515_shc_2024-25.9814,Vadlapudi,163.0,43.0,239.0,0.1
14.19,79.87,28_515_shc_2024-25.9609,Pidurupalem,88.0,138.0,265.0,0.28
14.192,79.788,28_515_shc_2024-25.9617,Ramasagaram,100.0,164.0,51.7,0.39
14.195,79.615,28_515_shc_2024-25.1035,Jorepalle,226.0,1.0,142.0,1.21
14.195,79.63,28_515_shc_2024-25.3788,Kommipadu,151.0,164.0,18.4,1.87
14.195,79.825,28_515_shc_2024-25.21251,Venkanapalem,113.0,8.0,355.0,0.43
14.195,79.865,28_515_shc_2024-25.9301,Manubolu,113.0,1.0,213.0,0.42
14.195,79.87,28_515_shc_2024-25.9144,Manubolu,201.0,164.0,103.3,0.4
14.198,79.552,28_515_shc_2024-25.20680,Bojjanapalle,88.0,1.0,258.0,1.37
14.198,79.558,28_515_shc_2024-25.5223,Rapur,113.0,1.0,90.0,0.83
14.198,79.632,28_515_shc_2024-25.3991,Kommipadu,263.0,164.0,58.1,0.98
14.2,79.53,28_515_shc_2024-25.850,Rapur,151.0,7.0,129.0,0.7
14.2,79.535,28_515_shc_2024-25.3753,Rapur,75.0,7.0,109.0,0.98
14.2,79.545,28_515_shc_2024-25.857,Rapur,176.0,17.0,71.0,0.41
14.2,79.64,28_515_shc_2024-25.4303,Kommipadu,113.0,164.0,71.0,0.24
14.2,79.855,28_515_shc_2024-25.9758,Vadlapudi,188.0,70.0,116.0,0.85
14.2,79.885,28_515_shc_2024-25.12706,Pidur,251.0,52.4,523.0,0.48
14.2,79.885,28_515_shc_2024-25.2523,Pidur,213.0,42.6,180.8,0.17
14.202,79.682,28_515_shc_2024-25.3924,Chaganam,238.0,148.0,644.0,0.39
14.202,79.872,28_515_shc_2024-25.5587,Manubolu,213.0,12.0,180.8,0.49
14.205,79.555,28_515_shc_2024-25.4743,Bojjanapalle,125.0,19.0,71.0,0.11
14.205,79.675,28_515_shc_2024-25.3911,Chaganam,75.0,157.0,25.9,0.63
14.205,79.68,28_515_shc_2024-25.3950,Chaganam,213.0,164.0,45.2,0.16
14.205,79.875,28_515_shc_2024-25.8455,Bandepalle,125.0,1.0,213.0,1.62
14.205,79.88,28_515_shc_2024-25.8610,JATLAKONDURU,176.0,25.0,142.0,1.61
14.205,79.9,28_515_shc_2024-25.21305,Pidur,201.0,62.2,238.9,0.55
14.205,79.955,28_515_shc_2024-25.21719,Pudiparthi,88.0,80.0,187.3,0.31
14.205,80.045,28_515_shc_2024-25.21672,Pudiparthi,151.0,127.0,129.1,0.31
14.21,79.5,28_515_shc_2024-25.19954,Pangili,226.0,43.0,129.0,1.01
14.21,79.695,28_515_shc_2024-25.20008,Chaganam,176.0,64.0,103.3,0.25
14.21,79.7,28_515_shc_2024-25.21328,Chaganam,100.0,139.0,109.8,0.06
14.21,79.87,28_515_shc_2024-25.4688,Madamanuru,213.0,25.0,355.0,0.68
14.21,79.875,28_515_shc_2024-25.12966,Cherukumudi,251.0,1.0,303.0,0.75
14.21,79.875,28_515_shc_2024-25.3864,JATLAKONDURU,100.0,19.0,149.0,0.53
14.21,79.88,28_515_shc_2024-25.1028,JATLAKONDURU,125.0,43.0,245.0,0.16
14.21,80.075,28_515_shc_2024-25.19340,Epuru Bit-I-A,75.0,83.0,77.5,0.94
14.212,79.502,28_515_shc_2025-26.1743,Pangili,201.0,127.8,574.7,0.7
14.212,79.982,28_515_shc_2024-25.21724,Pudiparthi,113.0,35.0,122.7,0.38
14.215,79.53,28_515_shc_2024-25.19087,Rapur,151.0,1.0,90.0,0.83
14.215,79.57,28_515_shc_2024-25.5157,Rapur,63.0,35.0,206.0,0.41
14.215,79.695,28_515_shc_2024-25.5275,Chaganam,100.0,164.0,96.9,1.34
14.215,79.695,28_515_shc_2024-25.5201,Chaganam,113.0,60.0,45.2,1.12
14.215,79.87,28_515_shc_2024-25.21391,Venkanapalem,238.0,5.0,303.0,0.95
14.215,79.87,28_515_shc_2024-25.21388,Venkanapalem,213.0,17.0,284.0,0.33
14.215,79.875,28_515_shc_2024-25.3710,Manubolu,75.0,70.0,394.0,0.57
14.215,79.995,28_515_shc_2024-25.21679,Pudiparthi,176.0,164.0,155.0,0.1
14.215,80.045,28_515_shc_2024-25.19357,Epuru Bit-I-A,113.0,155.0,77.5,0.38
14.217504,79.496878,28_515_shc_2024-25.3818,Pangili,125.0,25.0,148.0,1.37
14.217731,79.496878,28_515_shc_2024-25.20282,Pangili,75.0,99.0,90.0,1.21
14.218,79.898,28_515_shc_2024-25.21420,Manubolu,125.0,1.0,181.0,0.27
14.22,79.52,28_515_shc_2024-25.19095,Rapur,176.0,1.0,71.0,0.66
14.22,79.735,28_515_shc_2024-25.5245,Pokkandala,113.0,164.0,58.1,0.24
14.22,79.855,28_515_shc_2024-25.1098,Manubolu,176.0,1.0,303.0,0.81
14.22,79.865,28_515_shc_2024-25.12970,Gurivindapudi,100.0,1.0,155.0,0.54
14.22,79.88,28_515_shc_2024-25.21463,Madamanuru,188.0,165.0,284.1,0.46
14.22,79.885,28_515_shc_2024-25.5840,Kagithalapuru,188.0,164.0,265.0,1.44
14.22,79.895,28_515_shc_2024-25.12512,Kagithalapuru,301.0,70.0,116.0,1.33
14.22,79.895,28_515_shc_2024-25.8932,Kagithalapuru,301.0,25.0,245.0,1.02
14.22,80.08,28_515_shc_2024-25.19593,Epuru Bit-I-A,138.0,90.6,58.1,0.38
14.222,79.892,28_515_shc_2024-25.12317,Kagithalapuru,213.0,42.0,265.0,0.93
14.225,79.525,28_515_shc_2024-25.19936,Rapur,251.0,25.0,109.0,0.81
14.225,79.875,28_515_shc_2024-25.12459,Manubolu,113.0,1.0,439.0,0.59
14.225,79.99,28_515_shc_2024-25.22505,Pudiparthi,213.0,1.0,135.6,0.09
14.225,79.995,28_515_shc_2024-25.22528,Pudiparthi,163.0,16.0,374.5,0.58
14.225,80.0,28_515_shc_2024-25.22487,Pudiparthi,176.0,153.0,181.3,0.75
14.225,80.015,28_515_shc_2024-25.21859,Pudiparthi,201.0,19.0,193.7,0.21
14.228,79.998,28_515_shc_2024-25.21902,Pudiparthi,125.0,5.0,271.2,0.55
14.23,79.59,28_515_shc_2024-25.3744,Gilakapadu,100.0,138.0,84.0,0.84
14.23,79.74,28_515_shc_2024-25.5230,Utukur,151.0,164.0,58.1,0.63
14.23,79.835,28_515_shc_2024-25.12737,Madamanuru,226.0,164.0,445.5,0.71
14.23,79.995,28_515_shc_2024-25.21620,Pudiparthi,100.0,164.0,329.3,0.65
14.23,80.03,28_515_shc_2024-25.21700,Pudiparthi,100.0,44.0,219.5,0.21
14.23,80.045,28_515_shc_2024-25.16561,Epuru Bit-I-A,100.0,57.9,129.1,0.38
14.23,80.05,28_515_shc_2024-25.16523,Epuru Bit-I-A,63.0,51.3,77.5,0.93
14.232,79.858,28_515_shc_2024-25.9757,Vadlapudi,188.0,8.0,284.0,0.9
14.232,80.042,28_515_shc_2024-25.2110,Epuru Bit-I-A,75.0,45.9,83.9,0.23
14.232,80.052,28_515_shc_2023-24.6877,Epuru Bit-I-A,188.0,34.9,206.6,0.9
14.235,79.525,28_515_shc_2024-25.17817,Rapur,113.0,17.0,122.0,1.21
14.235,79.545,28_515_shc_2024-25.9627,Rapur,176.0,1.0,148.0,0.64
14.235,79.605,28_515_shc_2024-25.20023,Gilakapadu,125.0,7.0,193.0,0.32
14.235,79.61,28_515_shc_2024-25.19093,Gilakapadu,163.0,43.0,174.0,0.98
14.235,79.74,28_515_shc_2024-25.5159,Utukur,100.0,43.0,19.4,0.49
14.235,79.83,28_515_shc_2024-25.17493,Madamanuru,176.0,38.0,232.5,0.41
14.235,79.835,28_515_shc_2024-25.17505,Madamanuru,188.0,71.0,542.4,0.41
14.235,79.84,28_515_shc_2024-25.5495,Madamanuru,88.0,109.0,342.0,0.43
14.235,79.98,28_515_shc_2024-25.22712,Edagali,113.0,100.0,193.7,0.34
14.235,80.015,28_515_shc_2024-25.21850,Pudiparthi,188.0,164.0,180.8,0.1
14.235,80.045,28_515_shc_2024-25.16269,Epuru Bit-I-A,113.0,41.5,58.1,0.33
14.24,79.605,28_515_shc_2024-25.5373,Gilakapadu,113.0,117.0,206.0,0.93
14.24,79.88,28_515_shc_2024-25.12853,Gurivindapudi,138.0,1.0,439.0,0.48
14.24,79.885,28_515_shc_2024-25.11796,Kudithipalle,88.0,147.0,90.0,1.33
14.24,79.955,28_515_shc_2024-25.22377,Edagali,63.0,8.0,32.3,0.69
14.24,79.96,28_515_shc_2024-25.22213,Edagali,238.0,164.0,103.3,0.34
14.24,79.97,28_515_shc_2024-25.21912,Edagali,213.0,35.0,90.4,0.69
14.24,79.995,28_515_shc_2024-25.21839,Pudiparthi,188.0,24.0,219.5,0.41
14.24,80.03,28_515_shc_2024-25.22656,Epuru Bit - II (G V R Palem),88.0,17.0,297.0,0.77
14.24,80.045,28_515_shc_2024-25.13238,Epuru Bit-I-A,88.0,5.5,77.5,0.56
14.24,80.05,28_515_shc_2024-25.19590,Epuru Bit-I-A,100.0,45.9,129.1,1.07
14.24,80.055,28_515_shc_2024-25.19602,Epuru Bit-I-A,251.0,110.3,90.4,0.44
14.242,80.052,28_515_shc_2024-25.1669,Epuru Bit-I-A,113.0,55.7,90.4,1.33
14.245,79.845,28_515_shc_2024-25.4930,Madamanuru,213.0,164.0,420.0,0.17
14.245,79.855,28_515_shc_2024-25.420,Madamanuru,226.0,164.0,245.0,0.63
14.245,79.88,28_515_shc_2024-25.8540,Manubolu,138.0,164.0,265.0,0.62
14.245,79.96,28_515_shc_2024-25.21571,Edagali,226.0,52.0,38.7,0.92
14.245,79.965,28_515_shc_2024-25.22093,Idimepalle,163.0,25.0,193.7,0.1
14.245,80.035,28_515_shc_2024-25.21821,Epuru Bit - II (G V R Palem),188.0,38.0,148.5,0.42
14.245,80.055,28_515_shc_2024-25.19604,Epuru Bit-I-A,63.0,18.6,83.9,0.26
14.248,79.852,28_515_shc_2024-25.5144,Madamanuru,238.0,129.0,329.0,0.46
14.248,79.962,28_515_shc_2024-25.22557,Edagali,188.0,8.0,129.1,0.15
14.25,79.59,28_515_shc_2024-25.5221,Pulikollu,226.0,164.0,51.7,0.62
14.25,79.74,28_515_shc_2024-25.5319,Kalichedu,138.0,164.0,12.9,0.16
14.25,79.955,28_515_shc_2024-25.22154,Idimepalle,176.0,19.0,284.1,0.17
14.25,79.96,28_515_shc_2024-25.22185,Idimepalle,151.0,51.0,219.5,0.2
14.25,79.965,28_515_shc_2024-25.21483,Idimepalle,201.0,26.0,174.3,0.2
14.25,79.995,28_515_shc_2024-25.22111,Survepalle-III @ Iskapalem,238.0,34.0,12.9,0.15
14.25,80.03,28_515_shc_2024-25.22302,Epuru Bit - II (G V R Palem),251.0,19.0,109.8,0.77
14.252,79.972,28_515_shc_2024-25.21675,Idimepalle,213.0,33.0,226.0,0.31
14.255,79.955,28_515_shc_2024-25.22447,Idimepalle,163.0,155.0,135.6,0.28
14.255,79.995,28_515_shc_2024-25.22242,Pudiparthi,113.0,41.0,309.9,0.42
14.255,80.0,28_515_shc_2024-25.21942,Survepalle-III @ Iskapalem,213.0,79.0,200.2,0.15
14.255,80.03,28_515_shc_2024-25.21500,Epuru Bit - II (G V R Palem),213.0,164.0,180.8,0.69
14.255,80.05,28_515_shc_2024-25.19353,Epuru Bit-I-A,63.0,96.1,155.0,0.75
14.258,80.032,28_515_shc_2024-25.22269,Epuru Bit - II (G V R Palem),100.0,104.0,135.6,0.15
14.262,79.598,28_515_shc_2024-25.9479,Sankurathripalle,113.0,1.0,129.0,0.66
14.262,80.008,28_515_shc_2024-25.22270,Pudiparthi,151.0,16.0,619.9,0.38
14.262,80.058,28_515_shc_2024-25.13441,Epuru Bit - I - B,75.0,57.7,77.5,0.44
14.26333,80.059105,28_515_shc_2024-25.9863,Narikellapalle,138.0,8.0,489.0,0.36
14.265,80.025,28_515_shc_2024-25.21731,Punjulurupadu,201.0,97.0,387.4,0.1
14.268,79.602,28_515_shc_2025-26.8227,Vepinapiakkmambapuram,226.0,145.0,83.9,0.21
14.268,79.968,28_515_shc_2024-25.22116,Survepalle Bit 閳 II,213.0,35.0,161.4,0.11
14.268,79.998,28_515_shc_2024-25.21891,Survepalle-III @ Iskapalem,188.0,17.0,96.9,0.34
14.268,80.008,28_515_shc_2024-25.21858,Survepalle-III @ Iskapalem,163.0,51.0,232.5,0.2
14.268,80.022,28_515_shc_2024-25.21961,Punjulurupadu,188.0,79.0,148.5,0.18
14.26957,80.058759,28_515_shc_2024-25.13405,Epuru Bit - I - B,113.0,72.1,77.5,0.8
14.272,79.612,28_515_shc_2024-25.5259,Vepinapiakkmambapuram,163.0,17.0,122.0,0.64
14.272,79.972,28_515_shc_2024-25.22421,Survepalle Bit 閳 II,188.0,25.0,226.0,0.28
14.272,80.078,28_515_shc_2024-25.20118,Muthukur,125.0,90.0,489.0,0.63
14.275,79.845,28_515_shc_2024-25.1221,Vadlapudi,138.0,1.0,220.0,0.95
14.275,80.045,28_515_shc_2024-25.1656,Epuru Bit - I - B,88.0,37.1,90.4,0.38
14.276189,80.046718,28_515_shc_2024-25.16437,Epuru Bit - I - B,125.0,60.1,174.3,1.44
14.276955,80.083919,28_515_shc_2024-25.13751,Muthukur,138.0,4.0,515.0,0.27
14.278,79.828,28_515_shc_2024-25.8595,Akkampeta,213.0,1.0,213.0,0.46
14.278,79.928,28_515_shc_2024-25.21861,Survepalle Bit 閳 II,176.0,52.0,148.5,0.44
14.278,80.008,28_515_shc_2024-25.21512,Survepalle-III @ Iskapalem,176.0,157.0,250.2,0.31
14.279045,80.080335,28_515_shc_2024-25.1704,Muthukur,188.0,25.0,489.0,0.46
14.282,79.568,28_515_shc_2024-25.5443,Vepinapiakkmambapuram,75.0,80.0,155.0,1.01
14.282,79.812,28_515_shc_2024-25.9737,Vadlapudi,138.0,62.0,394.0,1.7
14.282,79.828,28_515_shc_2024-25.8765,Akkampeta,176.0,19.0,226.0,0.64
14.282,79.968,28_515_shc_2024-25.21560,Survepalle Bit 閳 II,226.0,138.0,129.1,0.41
14.282,80.038,28_515_shc_2024-25.22052,Survepalle-IV @ N.G.Palem,188.0,105.0,77.5,0.72
14.285,79.735,28_515_shc_2024-25.3876,Devaravemur,151.0,164.0,19.4,0.16
14.285,79.975,28_515_shc_2024-25.21883,Kantepalle,213.0,97.0,6.5,0.21
14.285,80.025,28_515_shc_2024-25.21993,Survepalle-IV @ N.G.Palem,125.0,84.0,200.2,0.33
14.285,80.085,28_515_shc_2025-26.8780,Muthukur,163.0,52.4,135.6,0.74
14.286568,80.097605,28_515_shc_2024-25.16580,Muthukur,88.0,35.0,109.0,1.03
14.288,80.078,28_515_shc_2024-25.13475,Narikellapalle,200.0,43.0,264.0,0.48
14.288,80.088,28_515_shc_2024-25.16418,Muthukur,38.0,8.0,258.0,0.05
14.289284,80.095578,28_515_shc_2024-25.13746,Muthukur,163.0,6.0,374.0,0.67
14.289395,80.060751,28_515_shc_2024-25.13367,Narikellapalle,125.0,17.0,470.0,0.1
14.292,79.828,28_515_shc_2024-25.21580,Kuricherlapadu,138.0,68.0,96.9,0.34
14.292,79.832,28_515_shc_2024-25.22195,Kuricherlapadu,201.0,49.0,96.9,0.68
14.292,79.842,28_515_shc_2024-25.22024,Kuricherlapadu,251.0,58.0,116.2,0.08
14.292,79.978,28_515_shc_2024-25.22705,Survepalle Bit 閳 II,163.0,37.0,129.1,0.27
14.292,80.098,28_515_shc_2024-25.16603,Muthukur,188.0,43.0,187.0,1.22
14.295,79.835,28_515_shc_2024-25.22135,Kuricherlapadu,88.0,17.0,200.2,0.54
14.295,80.055,28_515_shc_2024-25.16287,Narikellapalle,151.0,134.0,419.0,0.31
14.295,80.105,28_515_shc_2024-25.3106,Muthukur,100.0,1.0,122.0,1.38
14.298,79.828,28_515_shc_2024-25.22216,Kuricherlapadu,226.0,85.0,90.4,0.15
14.302,80.078,28_515_shc_2024-25.20079,Mollur,113.0,45.0,245.0,0.46
14.305,80.085,28_515_shc_2024-25.16509,Mollur,238.0,52.4,83.9,0.72
14.308,79.888,28_515_shc_2024-25.21849,Kanupur Bit-II @ Chowtapalem,163.0,63.0,103.3,0.46
14.308,79.888,28_515_shc_2024-25.21857,Kanupur Bit-II @ Chowtapalem,88.0,36.0,19.4,0.54
14.308,80.062,28_515_shc_2024-25.16563,Valluru,138.0,11.0,116.0,1.62
14.312,79.708,28_515_shc_2024-25.9405,Degapudi,238.0,40.4,90.4,0.51
14.312,80.078,28_515_shc_2024-25.9911,Mollur,75.0,129.0,122.0,0.87
14.312,80.082,28_515_shc_2024-25.13218,Mollur,226.0,22.0,225.0,0.25
14.313471,80.025349,28_515_shc_2024-25.16494,Survepalle Bit - V,25.0,17.0,393.0,1.0
14.315922,80.029364,28_515_shc_2024-25.3079,Survepalle Bit - V,163.0,35.0,580.0,0.94
14.318,79.718,28_515_shc_2024-25.8563,Degapudi,151.0,164.0,71.0,0.62
14.318,80.098,28_515_shc_2024-25.16461,Mamidipudi,113.0,26.2,83.9,0.48
14.322,79.718,28_515_shc_2024-25.9262,Degapudi,100.0,31.7,83.9,0.88
14.322,80.092,28_515_shc_2024-25.16496,Mamidipudi,125.0,45.9,83.9,0.48
14.325,79.875,28_515_shc_2024-25.21613,Kasumuru,226.0,37.0,122.7,0.78
14.325,79.955,28_515_shc_2024-25.21818,Survepalle Bit-I,163.0,57.0,213.1,0.41
14.328,79.922,28_515_shc_2024-25.22085,Kanupuru Bit - I,213.0,9.0,32.3,0.96
14.328,80.058,28_515_shc_2025-26.10637,Valluru,138.0,69.9,309.9,0.82
14.328,80.078,28_515_shc_2024-25.13795,Mamidipudi,113.0,57.9,77.5,0.39
14.328,80.082,28_515_shc_2024-25.19374,Mamidipudi,75.0,65.5,129.1,0.73
14.332,79.788,28_515_shc_2024-25.9252,Vadlapudi,163.0,1.0,174.0,0.66
14.332,80.088,28_515_shc_2024-25.16299,Mamidipudi,151.0,55.7,116.2,0.24
14.335,80.125,28_515_shc_2025-26.11224,Nelaturu,163.0,62.2,83.9,0.2
14.338,79.712,28_515_shc_2024-25.9692,Prabagiripatnam,238.0,157.2,129.1,0.45
14.338,79.772,28_515_shc_2024-25.8580,Biradavolu,238.0,54.6,51.7,0.62
14.338,79.872,28_515_shc_2024-25.21862,Kasumuru,88.0,25.0,90.4,0.78
14.338,79.928,28_515_shc_2024-25.21722,Kanupuru Bit - I,176.0,91.0,77.0,0.31
14.342,79.858,28_515_shc_2024-25.22180,Kasumuru,88.0,10.0,155.0,0.14
14.342,79.862,28_515_shc_2024-25.22465,Kasumuru,176.0,39.0,135.6,0.48
14.342,80.062,28_515_shc_2024-25.3171,Survepalle Bit - V,113.0,164.0,264.0,0.55
14.345,79.985,28_515_shc_2024-25.22684,Survepalle Bit-I,138.0,70.0,122.7,0.42
14.348,79.862,28_515_shc_2024-25.22072,Kasumuru,176.0,37.0,77.5,0.14
14.348,80.108,28_515_shc_2024-25.13145,Pynampuram,100.0,37.1,122.7,0.26
14.352,80.068,28_515_shc_2024-25.16532,Amudalapadu,88.0,80.0,116.0,1.56
14.352,80.082,28_515_shc_2024-25.16526,Amudalapadu,100.0,157.0,167.0,1.74
14.352,80.112,28_515_shc_2024-25.6598,Ananthapuram,75.0,7.6,167.9,0.48
14.355,80.075,28_515_shc_2024-25.19465,Pidatapolur,88.0,19.0,180.0,0.63
14.355,80.125,28_515_shc_2024-25.2379,Eduru - II,100.0,38.2,116.2,0.56
14.358,79.822,28_515_shc_2024-25.22276,Palicherlapadu,238.0,128.0,206.6,0.1
14.358,80.108,28_515_shc_2024-25.14996,Ananthapuram,238.0,18.6,103.3,0.35
14.362,79.502,28_515_shc_2024-25.4478,Penubarthi Gopasamudram,125.0,1.0,193.0,0.87
14.362,79.652,28_515_shc_2024-25.4830,Vavintaparthi,163.0,48.0,309.9,0.69
14.362,79.888,28_515_shc_2024-25.22544,Kandalapadu,176.0,105.0,45.2,0.77
14.362,80.112,28_515_shc_2024-25.231,Ananthapuram,75.0,18.6,90.4,0.17
14.368,80.042,28_515_shc_2024-25.20355,Brahmadevam,125.0,54.0,258.0,0.52
14.368,80.118,28_515_shc_2024-25.14844,Ananthapuram,100.0,38.2,148.5,0.14
14.372,79.912,28_515_shc_2024-25.22191,Kumkumpudi,163.0,52.0,116.2,0.23
14.372,79.948,28_515_shc_2024-25.11096,Kanuparthipadu,176.0,42.6,193.7,0.51
14.372,79.972,28_515_shc_2024-25.22399,Epuru Bit - II (G V R Palem),100.0,35.0,122.7,0.54
14.375,80.005,28_515_shc_2024-25.19840,Kakupalle-I,100.0,18.6,174.3,0.34
14.378,79.668,28_515_shc_2024-25.2666,Mogallur,88.0,164.0,71.0,0.1
14.378,79.982,28_515_shc_2024-25.11113,Kanuparthipadu,226.0,25.1,187.3,0.15
14.378,80.008,28_515_shc_2024-25.19890,Kakupalle-I,188.0,38.2,45.2,0.52
14.378,80.012,28_515_shc_2024-25.8004,Kakupalle-I,213.0,17.5,71.0,0.71
14.382,80.118,28_515_shc_2024-25.2232,Eduru - I,113.0,17.5,51.7,0.36
14.382,80.122,28_515_shc_2024-25.15555,Eduru - II,138.0,89.5,77.5,0.14
14.385,79.885,28_515_shc_2024-25.8251,Donthali,100.0,52.4,58.1,0.83
14.385,80.055,28_515_shc_2024-25.6088,Varigonda,100.0,18.6,109.8,0.4
14.385525,80.038929,28_515_shc_2024-25.15379,T.P.Gudur Bit-II,138.0,62.2,32.3,0.61
14.388,79.718,28_515_shc_2024-25.4462,Podalakur,125.0,22.9,32.3,0.07
14.388,80.152,28_515_shc_2024-25.15248,Eduru - II,75.0,18.6,161.4,0.64
14.389337,80.038625,28_515_shc_2024-25.578,Varigonda,151.0,167.0,58.1,0.14
14.390169,80.036942,28_515_shc_2024-25.15518,T.P.Gudur Bit-II,75.0,157.2,25.3,0.5
14.391189,80.035932,28_515_shc_2024-25.14899,Varigonda,163.0,1.1,90.4,0.41
14.392,79.418,28_515_shc_2023-24.7046,Tegacherla,138.0,17.5,155.0,0.27
14.392,79.422,28_515_shc_2024-25.5268,Rapur,151.0,8.0,238.0,0.7
14.392,79.668,28_515_shc_2024-25.9576,Mogallur,163.0,93.9,32.3,0.1
14.392,79.718,28_515_shc_2024-25.4629,Podalakur,125.0,57.9,90.4,0.11
14.392,79.898,28_515_shc_2024-25.18664,Donthali,100.0,34.9,122.7,0.86
14.393897,80.039378,28_515_shc_2024-25.17104,Varigonda,113.0,30.6,135.6,0.54
14.394,80.0441,28_515_shc_2024-25.14428,Varigonda,213.0,1.1,64.6,0.44
14.394638,80.047701,28_515_shc_2024-25.3230,Varigonda,201.0,38.2,45.2,0.61
14.395886,80.044014,28_515_shc_2024-25.240,Varigonda,151.0,25.1,90.4,0.6
14.395955,80.038608,28_515_shc_2024-25.14041,Varigonda,238.0,63.3,45.2,0.29
14.398,79.558,28_515_shc_2024-25.16122,Dachuru,251.0,164.0,193.0,0.42
14.398,80.148,28_515_shc_2024-25.15539,Eduru - II,113.0,1.1,122.7,0.45
14.402,79.802,28_515_shc_2024-25.9611,Marupuru,100.0,164.0,148.5,0.18
14.402,79.858,28_515_shc_2024-25.4152,Amancherla,88.0,25.1,51.7,0.55
14.402,80.072,28_515_shc_2025-26.1326,T.P.Gudur Bit-II,113.0,90.0,425.0,0.46
14.408,79.862,28_515_shc_2024-25.3294,Amancherla,251.0,34.9,135.6,0.58
14.408,80.158,28_515_shc_2024-25.2224,Koduru Khandrika,238.0,1.1,109.8,0.37
14.408822,80.041498,28_515_shc_2024-25.3231,Varigonda,75.0,34.9,51.7,0.17
14.412,79.758,28_515_shc_2024-25.17576,Thoderu,238.0,164.0,58.1,0.28
14.412,80.042,28_515_shc_2024-25.6990,Varigonda,188.0,85.2,19.4,0.25
14.412,80.138,28_515_shc_2025-26.3580,Koduru -II,176.0,1.0,264.0,0.9
14.412,80.158,28_515_shc_2024-25.18037,Koduru -II,100.0,42.6,161.4,0.18
14.415,79.645,28_515_shc_2024-25.5010,Yeturu,201.0,18.6,148.5,0.24
14.416032,80.093699,28_515_shc_2024-25.16864,Thotapalle,163.0,17.5,161.4,0.82
14.418,79.588,28_515_shc_2024-25.12138,Nernoor,113.0,74.2,90.4,0.54
14.418,79.858,28_515_shc_2024-25.8119,Amancherla,213.0,42.4,64.6,0.62
14.418,80.028,28_515_shc_2024-25.7688,Chintareddipalem (Part),276.0,8.0,225.0,2.39
14.418,80.072,28_515_shc_2024-25.15400,T.P.Gudur Bit-II,7.5,17.5,38.7,0.17
14.422,79.392,28_515_shc_2024-25.5302,Garimenapenta,113.0,1.0,193.0,1.37
14.422,79.582,28_515_shc_2024-25.12193,Nernoor,251.0,99.4,251.8,0.26
14.422,79.972,28_515_shc_2024-25.18353,Sajjapuram,163.0,1.1,174.3,0.18
14.422,80.048,28_515_shc_2024-25.6475,Chinna Cherukur,63.0,1.1,174.3,0.35
14.425,79.695,28_515_shc_2024-25.11802,Althurthi,88.0,48.0,77.5,0.31
14.425,80.055,28_515_shc_2024-25.6461,Chinna Cherukur,213.0,30.6,38.7,0.72
14.428,79.532,28_515_shc_2024-25.8095,Kesamanenipalle,176.0,19.0,232.0,1.71
14.428,79.592,28_515_shc_2024-25.12179,Nernoor,88.0,36.0,258.3,0.27
14.428,79.848,28_515_shc_2024-25.8424,Amancherla,125.0,79.7,103.3,0.81
14.428,79.958,28_515_shc_2024-25.21445,Marupuru,113.0,40.4,122.7,0.45
14.428,80.078,28_515_shc_2024-25.13968,Peduru,113.0,38.2,32.3,0.75
14.428,80.092,28_515_shc_2024-25.10030,Peduru,176.0,7.6,38.7,0.26
14.432,79.498,28_515_shc_2024-25.19826,Pallakonda,75.0,164.0,258.0,0.53
14.432,79.592,28_515_shc_2024-25.12041,Nernoor,151.0,29.5,232.5,0.34
14.432,80.092,28_515_shc_2024-25.16681,Peduru,63.0,18.6,53.1,0.32
14.432,80.148,28_515_shc_2024-25.6200,Koduru-I,100.0,66.6,103.3,0.54
14.435,79.525,28_515_shc_2024-25.8042,Kesamanenipalle,146.0,188.0,164.0,1.46
14.438,79.532,28_515_shc_2024-25.1326,Kesamanenipalle,113.0,90.0,425.0,0.46
14.438,79.588,28_515_shc_2024-25.4440,Chittaluru,138.0,137.6,180.8,0.18
14.438,80.072,28_515_shc_2024-25.16772,Thotapalle,201.0,167.0,25.8,0.53
14.442,79.492,28_515_shc_2024-25.19720,Pallakonda,176.0,164.0,438.0,1.38
14.442,79.572,28_515_shc_2024-25.18308,Kanupurupalle,163.0,164.0,271.0,0.31
14.442,79.918,28_515_shc_2024-25.8027,Akkacheruvupadu,125.0,7.6,135.6,0.45
14.442,80.098,28_515_shc_2024-25.15335,Mungaladoruvu,226.0,41.5,109.8,0.16
14.442,80.108,28_515_shc_2024-25.15022,Amulur (South),113.0,79.7,53.1,0.42
14.445,79.545,28_515_shc_2024-25.11222,Kanupurupalle,88.0,164.0,142.0,0.85
14.445,79.595,28_515_shc_2024-25.994,Chittaluru,201.0,69.9,284.1,0.58
14.445,79.645,28_515_shc_2024-25.5818,Yeturu,138.0,17.5,251.8,0.57
14.445,79.665,28_515_shc_2024-25.9031,Yeturu,163.0,18.6,122.7,0.63
14.448,80.092,28_515_shc_2024-25.13263,Indukurpet Bit - II,88.0,1.0,206.0,1.38
14.448,80.148,28_515_shc_2024-25.15531,Venkanapalem,301.0,1.1,109.8,0.48
14.452,79.482,28_515_shc_2024-25.1994,Cheepinapi,100.0,164.0,264.0,0.31
14.452,79.582,28_515_shc_2024-25.4919,Chittaluru,151.0,127.8,142.1,0.19
14.452,79.588,28_515_shc_2024-25.5868,Chittaluru,113.0,164.0,142.1,0.61
14.452,80.038,28_515_shc_2024-25.1497,Pedda Cherukur,188.0,17.0,277.0,1.32
14.452,80.132,28_515_shc_2024-25.18140,Potlapudi,213.0,1.1,58.1,0.91
14.452,80.152,28_515_shc_2024-25.15373,Kothapalem,176.0,42.2,83.9,0.43
14.455,79.785,28_515_shc_2024-25.18422,Kandamur,188.0,79.7,271.2,0.44
14.455,80.085,28_515_shc_2024-25.16306,Indukurpet Bit - II,151.0,1.0,290.0,1.08
14.458,79.892,28_515_shc_2024-25.19847,Devarapalem,138.0,89.5,90.4,0.54
14.462,79.578,28_515_shc_2024-25.4971,Chittaluru,163.0,108.1,368.1,0.18
14.462,80.118,28_515_shc_2023-24.6876,Indukurpet Bit - I,100.0,17.5,406.8,0.76
14.462,80.142,28_515_shc_2024-25.13389,Koduruturu,176.0,80.0,148.0,0.71
14.465,79.375,28_515_shc_2024-25.4023,Kulluru,176.0,1.0,432.0,1.53
14.465,79.905,28_515_shc_2024-25.7882,Devarapalem,251.0,154.0,84.0,1.41
14.465,80.165,28_515_shc_2024-25.3456,Potlapudi,176.0,18.6,251.9,0.14
14.468,79.768,28_515_shc_2024-25.8219,Vellanti,113.0,1.1,116.2,0.82
14.468,79.878,28_515_shc_2024-25.4204,Devarapalem,88.0,42.6,284.1,0.44
14.468,79.892,28_515_shc_2024-25.19846,Devarapalem,176.0,91.7,161.4,0.72
14.468,80.168,28_515_shc_2024-25.2331,Venkanapalem,50.0,77.5,135.6,0.56
14.472,79.372,28_515_shc_2024-25.4048,Kulluru,176.0,58.0,206.0,0.9
14.472,79.872,28_515_shc_2024-25.19848,Devarapalem,251.0,79.7,77.5,0.28
14.475,79.635,28_515_shc_2024-25.17752,Vavileru,213.0,99.4,135.6,0.51
14.478,79.372,28_515_shc_2024-25.4035,Kulluru,138.0,27.0,245.0,0.83
14.478,79.678,28_515_shc_2024-25.998,Navooru,238.0,32.8,238.9,0.27
14.478,79.888,28_515_shc_2024-25.8194,Devarapalem,113.0,62.2,167.9,0.71
14.478,79.892,28_515_shc_2024-25.17622,Jonnawada,100.0,164.0,122.0,1.35
14.478,79.972,28_515_shc_2024-25.6080,Pothireddipalem,188.0,69.9,142.1,0.54
14.478,80.052,28_515_shc_2024-25.16332,Lebur Bit - II,188.0,17.0,180.0,0.8
14.478,80.068,28_515_shc_2024-25.13509,Lebur Bit - II,100.0,80.0,187.0,1.22
14.482,79.532,28_515_shc_2024-25.8510,Nagulavellaturu,251.0,99.4,174.3,0.59
14.482,79.802,28_515_shc_2024-25.8283,Vellanti,100.0,17.5,96.9,0.73
14.482,79.802,28_515_shc_2024-25.2757,Vellanti,201.0,7.6,96.9,0.87
14.482,79.898,28_515_shc_2024-25.17410,Jonnawada,113.0,164.0,180.0,0.75
14.485,79.575,28_515_shc_2024-25.914,Chejerla,18.0,1.1,180.8,0.38
14.485,79.675,28_515_shc_2024-25.8642,Navooru,163.0,103.7,213.1,0.24
14.485,79.955,28_515_shc_2024-25.12121,Damaramadugu,138.0,164.0,206.6,0.39
14.488,79.678,28_515_shc_2024-25.8708,Navooru,63.0,15.3,96.9,0.62
14.488,79.872,28_515_shc_2024-25.17473,Jonnawada,151.0,164.0,116.0,0.45
14.488,79.978,28_515_shc_2024-25.6834,Kovur,138.0,16.4,174.3,0.55
14.492,79.542,28_515_shc_2024-25.5132,Kalayapalem,176.0,25.1,142.1,0.42
14.492,79.932,28_515_shc_2024-25.20592,Damaramadugu,138.0,17.5,142.1,0.58
14.492,80.018,28_515_shc_2024-25.14031,Inamadugu,163.0,38.0,155.0,0.33
14.492,80.032,28_515_shc_2024-25.7424,Inamadugu,163.0,117.0,103.3,0.45
14.498,79.682,28_515_shc_2024-25.12074,Bhogasamudram,88.0,48.0,58.1,0.38
14.498,79.822,28_515_shc_2024-25.2842,Sajjapuram,301.0,18.1,232.5,0.53
14.498,79.868,28_515_shc_2024-25.17273,Jonnawada,151.0,164.0,180.0,1.35
14.498,79.932,28_515_shc_2024-25.12062,Damaramadugu,201.0,18.6,355.1,0.91
14.498,80.002,28_515_shc_2024-25.15511,Padugupadu,138.0,62.0,284.1,0.82
14.498,80.102,28_515_shc_2024-25.13242,Punnur,176.0,70.0,290.0,1.08
14.502,79.378,28_515_shc_2024-25.18418,Kulluru,125.0,157.0,174.0,1.01
14.502,79.448,28_515_shc_2024-25.2937,Thopugunta,163.0,164.0,303.0,0.56
14.502,79.618,28_515_shc_2024-25.5405,Paderu,88.0,52.7,77.5,0.24
14.505,80.165,28_515_shc_2024-25.13452,Mypadu,75.0,62.0,470.0,0.88
14.505459,80.142604,28_515_shc_2024-25.13920,Somarajupalle,125.0,25.0,277.0,1.38
14.508,79.432,28_515_shc_2024-25.1964,Kaluvoya,138.0,35.0,251.0,0.9
14.508,79.852,28_515_shc_2024-25.9426,Panchedu,163.0,69.9,219.5,0.17
14.508,79.868,28_515_shc_2024-25.5584,Panchedu,226.0,136.7,96.9,0.18
14.508,79.922,28_515_shc_2024-25.12330,Damaramadugu,151.0,3.3,71.0,0.93
14.508,79.982,28_515_shc_2024-25.653,Kovur,163.0,164.0,109.8,0.75
14.508,80.018,28_515_shc_2024-25.15040,Inamadugu,125.0,62.0,167.9,0.66
14.508,80.038,28_515_shc_2024-25.14815,Vegur,163.0,43.0,135.6,0.72
14.508,80.172,28_515_shc_2024-25.13557,Mypadu,100.0,38.0,193.0,0.87
14.512,79.372,28_515_shc_2024-25.18447,Kulluru,113.0,129.0,116.0,0.9
14.512,79.412,28_515_shc_2024-25.11493,Kaluvoya,125.0,38.0,142.0,0.79
14.512,79.422,28_515_shc_2024-25.21415,Kaluvoya,125.0,165.0,155.0,1.07
14.512,79.762,28_515_shc_2023-24.6323,Thatiparthi,251.0,38.0,200.0,1.2
14.512,79.882,28_515_shc_2024-25.11648,Penuballe,138.0,131.0,116.0,1.05
14.512,79.968,28_515_shc_2024-25.7482,Kovur,176.0,164.0,174.3,0.52
14.512,79.992,28_515_shc_2024-25.15284,Kovur,188.0,164.0,187.3,0.55
14.512,80.018,28_515_shc_2024-25.14962,Inamadugu,63.0,17.0,568.2,0.42
14.512,80.062,28_515_shc_2024-25.13873,Pallipadu,113.0,19.0,161.0,0.78
14.515,79.485,28_515_shc_2024-25.9715,Kakivaya,301.0,102.6,180.8,0.44
14.515,79.565,28_515_shc_2024-25.19057,Chejerla,88.0,52.4,129.1,0.19
14.515,79.945,28_515_shc_2024-25.14230,Patur,176.0,164.0,180.8,0.36
14.518,79.392,28_515_shc_2024-25.4000,Kaluvoya,138.0,70.0,644.0,0.44
14.518,79.632,28_515_shc_2024-25.5504,Paderu,138.0,164.0,142.1,0.16
14.518,79.802,28_515_shc_2024-25.4096,Golla Kandukur,151.0,62.2,226.0,0.31
14.518,79.892,28_515_shc_2024-25.5760,Chellayapalem,113.0,164.0,644.0,0.65
14.518,79.908,28_515_shc_2024-25.5601,Damaramadugu,113.0,128.3,167.9,0.39
14.518,80.168,28_515_shc_2024-25.13650,Mypadu,63.0,38.0,174.0,0.78
14.518422,80.152257,28_515_shc_2024-25.7653,Utukuru,226.0,117.9,555.3,0.76
14.522,79.798,28_515_shc_2024-25.11441,Golla Kandukur,63.0,79.7,142.1,0.28
14.522,79.832,28_515_shc_2024-25.39,Annareddipalem,176.0,35.0,322.0,1.2
14.522,79.842,28_515_shc_2024-25.12066,Panchedu,201.0,164.0,148.5,0.75
14.522,79.848,28_515_shc_2024-25.9196,Panchedu,201.0,164.0,148.5,0.75
14.522,79.888,28_515_shc_2024-25.11681,Chellayapalem,176.0,164.0,560.0,1.08
14.522,80.028,28_515_shc_2024-25.10352,Leguntapadu,125.0,52.4,310.4,0.52
14.522,80.152,28_515_shc_2024-25.11047,Utukuru,201.0,53.5,142.1,0.83
14.525162,80.151571,28_515_shc_2024-25.13768,Gangapatnam,138.0,147.0,213.0,1.94
14.528,79.518,28_515_shc_2024-25.4820,Yanamadala,113.0,127.8,187.3,0.58
14.528,79.522,28_515_shc_2024-25.9022,Yanamadala,88.0,52.4,122.7,0.48
14.528,79.772,28_515_shc_2024-25.12013,Nallapalem,163.0,30.6,71.0,0.23
14.528,79.882,28_515_shc_2024-25.12735,Rebala,138.0,109.0,167.0,0.83
14.528,79.952,28_515_shc_2024-25.14129,Patur,125.0,164.0,71.0,0.28
14.528,80.018,28_515_shc_2024-25.10100,Cherlopalem,188.0,89.5,90.4,0.93
14.528,80.018,28_515_shc_2024-25.7487,Modegunta,163.0,18.6,64.6,0.68
14.532,79.658,28_515_shc_2024-25.5208,Pelleru,213.0,34.9,174.3,0.34
14.532,79.832,28_515_shc_2024-25.20990,Annareddipalem,251.0,5.5,83.9,0.32
14.532,79.838,28_515_shc_2024-25.15077,Annareddipalem,63.0,25.0,283.0,0.9
14.532,79.868,28_515_shc_2024-25.20374,Duvvuru,138.0,20.7,122.7,0.16
14.535,79.365,28_515_shc_2024-25.20064,Varekuntapadu,251.0,10.9,38.7,0.48
14.535,79.545,28_515_shc_2024-25.17907,Chejerla,213.0,36.0,200.2,0.13
14.538,79.868,28_515_shc_2024-25.20956,Duvvuru,213.0,27.3,142.1,0.26
14.538,79.992,28_515_shc_2024-25.2215,North Rajupalem,213.0,34.9,129.1,0.45
14.538162,80.120114,28_515_shc_2024-25.13124,Mudivarthi Palem,88.0,1.0,206.0,1.37
14.541441,80.127919,28_515_shc_2024-25.13371,Mudivarthi Palem,75.0,17.0,290.0,1.0
14.542,79.562,28_515_shc_2024-25.17906,Chejerla,176.0,116.8,161.4,0.14
14.542,79.568,28_515_shc_2024-25.5000,Chejerla,201.0,127.8,58.1,0.45
14.542,79.612,28_515_shc_2024-25.12782,Pathapadu,88.0,79.7,258.3,0.39
14.542,79.848,28_515_shc_2024-25.20934,Duvvuru,263.0,6.6,96.9,0.82
14.542,79.988,28_515_shc_2024-25.3360,North Rajupalem,88.0,62.2,90.4,0.23
14.545,79.455,28_515_shc_2024-25.7666,Telugurayapuram,151.0,165.0,258.0,0.86
14.545,79.575,28_515_shc_2024-25.4573,Chejerla,176.0,1.1,77.5,0.26
14.545,79.885,28_515_shc_2023-24.6107,Vavveru,326.0,42.6,297.0,0.13
14.545,79.935,28_515_shc_2024-25.10391,Yellayapalem,201.0,34.9,142.1,0.12
14.548,79.368,28_515_shc_2024-25.3884,Ananthasagaram,138.0,90.0,245.0,0.04
14.548,79.742,28_515_shc_2024-25.5172,Viroor,63.0,40.4,413.3,1.08
14.548,79.832,28_515_shc_2024-25.20942,Duvvuru,151.0,33.8,180.8,0.92
14.548,79.922,28_515_shc_2024-25.17294,Nagamambapuram,163.0,90.0,142.0,0.75
14.548,79.948,28_515_shc_2024-25.15612,Gandavaram,201.0,25.1,116.2,0.59
14.548,80.122,28_515_shc_2024-25.15269,Ananthapuram,100.0,69.9,142.1,0.22
14.552,79.672,28_515_shc_2024-25.5551,Pelleru,113.0,79.7,77.5,0.26
14.552,79.742,28_515_shc_2024-25.5206,Viroor,151.0,41.5,232.5,0.54
14.552,79.882,28_515_shc_2024-25.3783,Isakapalem,176.0,164.0,58.0,0.45
14.552,79.908,28_515_shc_2024-25.5766,Isakapalem,100.0,164.0,167.0,0.33
14.552,80.022,28_515_shc_2024-25.3474,Ramannapalem,213.0,69.9,219.5,0.27
14.555,79.495,28_515_shc_2024-25.12161,Kotitheertham,113.0,41.5,218.9,0.29
14.555,79.695,28_515_shc_2024-25.11686,Mamuduru,138.0,62.2,142.1,0.57
14.558,79.752,28_515_shc_2024-25.1565,Viroor,100.0,150.7,180.8,1.85
14.558,79.908,28_515_shc_2024-25.12065,Vavveru,188.0,80.0,90.0,0.06
14.558,79.992,28_515_shc_2024-25.5903,Naidupalem,100.0,25.1,116.2,0.29
14.558,80.018,28_515_shc_2024-25.16164,Parlapalle,201.0,132.0,167.9,0.76
14.558,80.092,28_515_shc_2024-25.11517,Mudivarthi,188.0,8.0,122.7,0.23
14.558,80.098,28_515_shc_2024-25.11531,Mudivarthi,201.0,156.0,135.6,0.67
14.558,80.102,28_515_shc_2024-25.11597,Mudivarthi,88.0,1.0,148.5,0.52
14.562,79.732,28_515_shc_2024-25.4560,Surayapalem,88.0,44.8,632.8,0.62
14.562,79.788,28_515_shc_2024-25.14812,Padamatipalem,151.0,1.0,354.0,1.4
14.562,79.988,28_515_shc_2024-25.6566,Kodavalur,138.0,62.2,83.9,0.33
14.565,79.585,28_515_shc_2024-25.18781,Kanupurupalle,88.0,70.0,161.0,0.94
14.565,79.985,28_515_shc_2024-25.14532,Gandavaram,138.0,63.3,129.1,0.11
14.565,80.105,28_515_shc_2024-25.18947,Mudivarthi,138.0,70.0,77.5,0.2
14.568,79.438,28_515_shc_2024-25.12600,Devarayapalle Bit- I,138.0,52.0,245.0,0.52
14.568,79.452,28_515_shc_2024-25.9634,Devarayapalle Bit- I,88.0,8.0,341.0,0.8
14.568,79.708,28_515_shc_2024-25.8888,Nedurupalle,138.0,44.8,187.3,1.11
14.568,79.718,28_515_shc_2024-25.4431,Surayapalem,414.0,40.4,232.5,0.15
14.568,79.962,28_515_shc_2024-25.10223,Bodduvaripalem,151.0,69.9,316.4,0.68
14.568,80.002,28_515_shc_2024-25.265,Kodavalur,138.0,42.6,155.0,0.22
14.568,80.032,28_515_shc_2024-25.8202,Parlapalle,113.0,164.0,116.2,0.72
14.572,79.412,28_515_shc_2024-25.5061,Inagalur,113.0,164.0,386.0,0.38
14.572,79.748,28_515_shc_2024-25.4698,Viroor,113.0,43.7,277.7,0.15
14.572,79.798,28_515_shc_2024-25.14847,Padamatipalem,88.0,147.0,97.0,0.68
14.572,79.798,28_515_shc_2024-25.81,Padamatipalem,163.0,117.0,219.0,0.38
14.572,79.808,28_515_shc_2024-25.3579,Padamatipalem,188.0,1.0,180.0,0.9
14.572,80.002,28_515_shc_2024-25.6512,Naidupalem,201.0,34.9,155.0,0.22
14.572,80.072,28_515_shc_2024-25.21062,Mudivarthi,176.0,34.9,400.3,0.31
14.575,79.415,28_515_shc_2024-25.5456,Ananthasagaram,100.0,43.0,119.0,1.46
14.575,79.775,28_515_shc_2024-25.14456,Padamatipalem,176.0,38.0,290.0,0.41
14.575,79.985,28_515_shc_2024-25.10146,Naidupalem,151.0,57.9,219.5,0.35
14.578,79.462,28_515_shc_2024-25.12773,Devarayapalle Bit-II,100.0,35.0,316.0,1.46
14.578,79.482,28_515_shc_2024-25.5703,Devarayapalle Bit-II,125.0,25.0,426.0,0.52
14.578,79.568,28_515_shc_2024-25.16029,Kanupurupalle,100.0,164.0,200.0,0.78
14.578,79.732,28_515_shc_2024-25.10554,Peramana,138.0,8.0,193.0,1.4
14.578,79.758,28_515_shc_2024-25.14498,Sangam,151.0,43.0,174.0,1.13
14.578,79.762,28_515_shc_2024-25.2171,Padamatipalem,176.0,38.0,180.0,0.87
14.578,79.822,28_515_shc_2023-24.7271,Vangallu,151.0,80.0,103.0,0.71
14.578,79.932,28_515_shc_2024-25.21307,Kothavangallu,75.0,1.1,77.5,0.25
14.578,79.992,28_515_shc_2024-25.10043,Naidupalem,188.0,1.1,206.6,0.25
14.582,79.758,28_515_shc_2024-25.15648,Sangam,138.0,1.0,19.0,1.2
14.582,79.768,28_515_shc_2024-25.15054,Sangam,88.0,35.0,116.0,0.75
14.582,79.782,28_515_shc_2024-25.10047,Tharunavaya,88.0,52.0,219.0,1.81
14.582,79.972,28_515_shc_2024-25.10372,Bodduvaripalem,251.0,17.5,348.7,0.54
14.585,79.755,28_515_shc_2024-25.15016,Sangam,125.0,164.0,258.0,0.87
14.585,79.765,28_515_shc_2024-25.15047,Sangam,100.0,1.0,32.0,0.33
14.585,80.065,28_515_shc_2024-25.19803,Chowkacherla,63.0,79.7,187.3,0.83
14.588,79.482,28_515_shc_2024-25.5617,Devarayapalle Bit-II,88.0,25.0,245.0,0.46
14.588,79.762,28_515_shc_2024-25.14717,Sangam,113.0,8.0,19.0,0.95
14.588,79.812,28_515_shc_2024-25.3544,Padamatipalem,63.0,1.0,232.0,0.72
14.588,79.982,28_515_shc_2024-25.6853,Bodduvaripalem,100.0,99.4,77.5,0.14
14.588,79.998,28_515_shc_2024-25.7229,Naidupalem,151.0,108.1,129.1,0.19
14.592,79.778,28_515_shc_2024-25.20142,Tharunavaya,151.0,19.0,303.0,0.87
14.592,79.792,28_515_shc_2024-25.290,Tharunavaya,88.0,38.0,193.0,0.47
14.592,79.942,28_515_shc_2024-25.14217,Pedaputhedu,163.0,109.0,142.0,0.34
14.592,79.982,28_515_shc_2024-25.7499,Gandavaram,176.0,25.1,258.3,0.33
14.592,79.998,28_515_shc_2024-25.3533,Naidupalem,163.0,56.8,122.7,0.32
14.595,79.525,28_515_shc_2024-25.3933,Revuru,113.0,134.0,245.0,0.4
14.595,79.955,28_515_shc_2024-25.760,Gandavaram,213.0,137.6,277.7,0.45
14.595,79.985,28_515_shc_2024-25.10619,Bodduvaripalem,151.0,7.6,381.0,0.23
14.595,80.115,28_515_shc_2024-25.7589,Utukuru,100.0,76.4,180.8,0.67
14.598,80.028,28_515_shc_2024-25.2318,Basavaipalem,201.0,17.5,129.0,0.73
14.598,80.062,28_515_shc_2024-25.16184,Dampuru,188.0,164.0,193.7,0.76
14.598,80.068,28_515_shc_2024-25.11404,Chowkacherla,100.0,62.2,180.8,0.21
14.602,79.578,28_515_shc_2024-25.11009,Bandarupalle,1.0,78.0,109.0,0.31
14.602,79.792,28_515_shc_2024-25.7472,Tharunavaya,100.0,90.0,180.0,1.2
14.602,79.888,28_515_shc_2024-25.1087,Vavveru,88.0,90.0,84.0,1.17
14.602,79.962,28_515_shc_2024-25.713,Gandavaram,151.0,127.8,206.6,0.39
14.602,79.982,28_515_shc_2024-25.10637,Bodduvaripalem,138.0,69.9,309.9,0.82
14.602,80.068,28_515_shc_2024-25.19822,Vavilla,263.0,48.0,213.1,0.28
14.602,80.088,28_515_shc_2024-25.10783,Alaganipadu,63.0,78.6,361.6,0.44
14.605,80.025,28_515_shc_2024-25.10341,Gundalammapalem,163.0,1.1,129.1,0.23
14.605,80.085,28_515_shc_2024-25.11389,Vavilla,88.0,13.1,180.8,0.32
14.605,80.085,28_515_shc_2024-25.21137,Vavilla,151.0,42.6,342.2,1.24
14.608,79.732,28_515_shc_2024-25.20187,Peramana,188.0,90.0,129.0,0.36
14.608,79.928,28_515_shc_2024-25.15319,Pedaputhedu,151.0,17.0,148.0,0.96
14.608,80.008,28_515_shc_2024-25.10359,Talamanchi,113.0,17.5,193.7,0.4
14.608,80.022,28_515_shc_2024-25.6822,Talamanchi,213.0,17.5,213.1,0.5
14.608,80.142,28_515_shc_2024-25.2978,Varini,138.0,1.1,284.1,0.54
14.612,79.642,28_515_shc_2024-25.11242,Atmakur,113.0,43.0,386.0,0.27
14.612,79.642,28_515_shc_2024-25.11409,Atmakur,163.0,17.0,200.0,0.9
14.612,79.698,28_515_shc_2024-25.15115,Peramana,113.0,1.0,225.0,0.75
14.612,79.782,28_515_shc_2024-25.7484,Tharunavaya,88.0,1.0,26.0,1.13
14.612,79.888,28_515_shc_2024-25.8460,Munulapudi,25.0,164.0,90.0,1.8
14.612,80.018,28_515_shc_2024-25.10490,Talamanchi,88.0,18.6,316.9,0.1
14.612,80.032,28_515_shc_2024-25.7095,Damegunta,63.0,42.6,116.2,0.35
14.612,80.072,28_515_shc_2024-25.8008,Dampuru,100.0,62.2,607.0,0.1
14.615,79.415,28_515_shc_2024-25.12809,Amanichiruvella,125.0,19.0,523.0,0.69
14.615,79.745,28_515_shc_2024-25.10298,Korimerla,138.0,164.0,109.0,1.2
14.615,79.765,28_515_shc_2024-25.1795,Sangam,50.0,116.8,122.0,0.68
14.615,79.905,28_515_shc_2024-25.779,Yelamanchipadu,113.0,35.0,109.0,1.19
14.618,79.662,28_515_shc_2024-25.1396,Atmakur,125.0,17.0,129.0,0.1
14.618,79.662,28_515_shc_2024-25.8391,Atmakur,75.0,35.0,109.0,0.45
14.618,79.828,28_515_shc_2024-25.7271,Vangallu,151.0,80.0,103.0,0.71
14.618,79.832,28_515_shc_2024-25.10248,Jangala Khandrika,38.0,164.0,489.0,0.5
14.618,79.892,28_515_shc_2024-25.3761,Munulapudi,163.0,164.0,135.0,1.4
14.622,79.632,28_515_shc_2024-25.10992,Atmakur,88.0,17.0,245.0,0.39
14.622,79.638,28_515_shc_2024-25.11013,Atmakur,75.0,1.0,335.0,0.38
14.622,79.718,28_515_shc_2024-25.15384,Peramana,151.0,1.0,522.0,0.33
14.622,79.838,28_515_shc_2024-25.6190,Jangala Khandrika,75.0,164.0,232.0,1.28
14.622,80.032,28_515_shc_2024-25.14507,Kalambotlavari Khandrika,125.0,26.2,103.3,1.15
14.625,79.625,28_515_shc_2024-25.19778,Narampeta,63.0,164.0,109.0,0.33
14.625,79.635,28_515_shc_2024-25.8345,Atmakur,75.0,1.0,64.0,0.3
14.625,79.725,28_515_shc_2024-25.14650,Peramana,163.0,43.0,174.0,0.9
14.625,79.745,28_515_shc_2024-25.15154,Korimerla,151.0,17.0,303.0,0.9
14.625,79.835,28_515_shc_2024-25.10120,Jangala Khandrika,75.0,35.0,161.0,0.78
14.628,79.792,28_515_shc_2024-25.2299,Sangam,63.0,25.0,26.0,0.36
14.628,80.028,28_515_shc_2024-25.17151,North Amuluru,263.0,33.8,77.5,0.45
14.628,80.048,28_515_shc_2024-25.20659,Anathabotlavari Khandrika,201.0,85.2,90.4,0.68
14.632,79.492,28_515_shc_2024-25.8053,Mahimalur,138.0,1.0,174.0,1.03
14.632,79.528,28_515_shc_2024-25.11616,Mahimalur,138.0,3.0,135.0,0.45
14.632,79.872,28_515_shc_2024-25.14474,Thiruveedhipadu,113.0,17.0,142.0,1.39
14.632,80.052,28_515_shc_2024-25.20621,Anathabotlavari Khandrika,188.0,55.7,142.1,0.52
14.635,79.565,28_515_shc_2024-25.8295,Nagulapadu,88.0,164.0,64.0,1.4
14.635,79.745,28_515_shc_2024-25.15111,Korimerla,138.0,157.0,271.0,1.23
14.635,80.005,28_515_shc_2024-25.6571,North Amuluru,100.0,37.1,116.2,1.2
14.635,80.065,28_515_shc_2024-25.14361,Purini,138.0,27.3,90.4,0.33
14.635,80.075,28_515_shc_2024-25.6894,Purini,113.0,29.5,71.0,1.12
14.638,79.492,28_515_shc_2024-25.2060,Mahimalur,125.0,3.0,45.0,1.54
14.638,79.812,28_515_shc_2024-25.3401,Marripadu,151.0,1.0,213.0,1.2
14.638,79.848,28_515_shc_2025-26.6684,Kaligiri Konduru,100.0,18.6,471.4,0.67
14.638,80.022,28_515_shc_2024-25.6669,North Amuluru,213.0,88.4,122.7,0.66
14.638,80.038,28_515_shc_2024-25.14016,Beeramgunta,151.0,93.9,226.0,0.07
14.642,79.772,28_515_shc_2024-25.738,Talupurupadu,125.0,157.0,238.0,1.13
14.642,79.818,28_515_shc_2024-25.6429,Marripadu,100.0,11.0,219.0,0.6
14.642,79.822,28_515_shc_2024-25.14496,Marripadu,176.0,62.0,309.0,0.63
14.642,80.062,28_515_shc_2024-25.10558,Indupuru,176.0,29.5,103.3,0.07
14.642,80.068,28_515_shc_2024-25.7523,Purini,176.0,8.7,155.0,1.08
14.642,80.088,28_515_shc_2024-25.7116,Purini,188.0,22.9,135.6,0.31
14.645,79.365,28_515_shc_2024-25.15337,Pallavolu,251.0,105.0,225.0,0.34
14.645,79.515,28_515_shc_2024-25.7790,Mahimalur,151.0,1.0,457.0,0.38
14.645,79.845,28_515_shc_2024-25.6137,Marripadu,100.0,90.0,213.0,0.18
14.645,80.025,28_515_shc_2024-25.16873,North Mopuru,201.0,29.5,51.7,0.18
14.648,79.582,28_515_shc_2024-25.15836,Mahimalur,151.0,8.0,161.0,0.6
14.648,79.902,28_515_shc_2024-25.232,Thurimerla,151.0,90.0,451.0,1.47
14.648,80.012,28_515_shc_2024-25.14736,North Amuluru,176.0,26.2,64.6,0.15
14.648,80.048,28_515_shc_2024-25.14795,North Mopuru,138.0,31.7,109.8,0.68
14.648,80.068,28_515_shc_2024-25.14435,Indupuru,213.0,13.1,297.0,0.69
14.648,80.142,28_515_shc_2024-25.21366,Varini,125.0,164.0,361.6,0.39
14.652,79.408,28_515_shc_2024-25.6075,Ponguru,100.0,62.0,644.0,1.11
14.652,79.918,28_515_shc_2024-25.7165,Dagadarthi,163.0,43.0,238.0,0.52
14.652,80.032,28_515_shc_2024-25.17020,North Mopuru,176.0,18.6,109.8,0.17
14.652,80.038,28_515_shc_2024-25.17177,North Mopuru,163.0,3.3,116.2,0.51
14.652,80.042,28_515_shc_2024-25.15276,North Mopuru,106.0,6.6,116.2,1.05
14.652,80.048,28_515_shc_2024-25.14006,Indupuru,100.0,62.2,206.6,0.48
14.655,80.035,28_515_shc_2024-25.16999,North Mopuru,63.0,1.1,161.4,0.68
14.658,79.748,28_515_shc_2024-25.20158,Neelayapalem,188.0,70.0,167.0,0.78
14.658,79.912,28_515_shc_2024-25.15513,Choutaputhedu,100.0,5.0,206.0,1.15
14.658,79.932,28_515_shc_2024-25.2221,Dagadarthi,38.0,1.0,129.0,0.75
14.658,80.068,28_515_shc_2024-25.3645,Indupuru,263.0,52.4,187.3,0.64
14.658,80.098,28_515_shc_2024-25.10613,Purini,138.0,18.6,167.9,1.48
14.662,79.882,28_515_shc_2024-25.16699,Chennuru,88.0,17.0,206.0,0.92
14.662,79.898,28_515_shc_2024-25.18095,Katrayapadu,88.0,17.0,193.0,0.55
14.662,80.008,28_515_shc_2024-25.17006,Batrakagollu,151.0,25.1,109.8,0.91
14.662,80.022,28_515_shc_2024-25.17168,Batrakagollu,163.0,162.7,335.8,1.05
14.662,80.058,28_515_shc_2024-25.10250,Indupuru,113.0,5.5,335.8,0.45
14.662,80.062,28_515_shc_2024-25.10345,Indupuru,113.0,75.3,226.0,0.45
14.662,80.068,28_515_shc_2024-25.14026,Indupuru,201.0,5.5,96.9,0.34
14.662,80.098,28_515_shc_2024-25.14556,Gogulapalle,163.0,13.1,271.2,0.77
14.665,79.385,28_515_shc_2024-25.15378,Ponguru,188.0,35.0,245.0,0.91
14.665,79.495,28_515_shc_2024-25.15852,Mahimalur,138.0,5.0,258.0,1.16
14.665,79.835,28_515_shc_2024-25.7211,Ithampadu,151.0,3.0,206.0,0.29
14.665,79.915,28_515_shc_2024-25.216,Dagadarthi,163.0,100.0,644.0,0.27
14.665,80.065,28_515_shc_2024-25.14187,Indupuru,251.0,27.3,232.5,0.46
14.665,80.085,28_515_shc_2024-25.14775,Purini,163.0,13.1,258.3,0.31
14.668,79.388,28_515_shc_2024-25.3381,Ponguru,138.0,97.0,180.0,0.2
14.668,79.878,28_515_shc_2024-25.10585,Chennuru,125.0,25.0,232.0,0.86
14.668,79.912,28_515_shc_2024-25.21462,Dagadarthi,138.0,35.0,560.0,0.4
14.668,79.922,28_515_shc_2024-25.6081,Dagadarthi,251.0,8.0,354.0,0.84
14.672,80.012,28_515_shc_2024-25.16833,Batrakagollu,100.0,18.6,129.1,0.11
14.672,80.018,28_515_shc_2024-25.16639,Graddagunta,163.0,67.7,77.5,0.68
14.672,80.022,28_515_shc_2024-25.17247,Batrakagollu,176.0,10.9,316.4,0.68
14.675,80.025,28_515_shc_2024-25.15458,Graddagunta,125.0,154.0,219.5,0.3
14.675,80.105,28_515_shc_2024-25.822,Gogulapalle,201.0,50.2,58.1,0.12
14.675,80.115,28_515_shc_2024-25.10152,Gogulapalle,138.0,6.6,322.9,1.28
14.678,79.558,28_515_shc_2024-25.18514,Chiruvella Khandrika,163.0,164.0,296.0,0.24
14.678,79.562,28_515_shc_2024-25.18523,Chiruvella Khandrika,138.0,164.0,200.0,0.27
14.678,80.052,28_515_shc_2024-25.14692,Allur,125.0,84.1,348.7,0.78
14.678,80.102,28_515_shc_2024-25.13949,Allur,163.0,40.4,32.3,0.46
14.678,80.112,28_515_shc_2024-25.10161,Gogulapalle,188.0,16.4,290.6,0.83
14.678559,79.666517,28_515_shc_2024-25.4472,Anumasamudram,75.0,42.6,200.2,0.31
14.682,79.508,28_515_shc_2024-25.14051,Dharmarao Cheruvupalle,138.0,35.0,245.0,2.9
14.682,79.552,28_515_shc_2024-25.18260,Atmakur,100.0,164.0,187.0,0.3
14.682,79.592,28_515_shc_2024-25.20454,Pamidipadu,188.0,164.0,122.0,0.38
14.682,79.738,28_515_shc_2024-25.1024,Chiramana,100.0,127.8,161.4,0.2
14.682,79.978,28_515_shc_2024-25.7185,Kothapalle Kowrugunta,100.0,57.9,439.1,0.44
14.682,80.052,28_515_shc_2024-25.7294,Allur,201.0,96.1,122.7,0.23
14.682,80.082,28_515_shc_2024-25.14001,Allur,113.0,25.1,129.1,0.77
14.682,80.098,28_515_shc_2024-25.2170,Allur,238.0,80.8,193.7,0.36
14.685,79.515,28_515_shc_2024-25.18538,Padakandla,113.0,1.0,129.0,0.9
14.685,80.085,28_515_shc_2024-25.14568,Allur,176.0,29.5,103.3,1.48
14.685,80.095,28_515_shc_2024-25.6481,Gogulapalle,100.0,14.2,303.5,0.24
14.688,79.888,28_515_shc_2024-25.16935,Manubolupadu,38.0,1.0,174.0,1.13
14.688,79.912,28_515_shc_2024-25.6323,Dagadarthi,251.0,38.0,200.0,1.2
14.688,79.912,28_515_shc_2024-25.2413,Chennuru,125.0,17.0,206.0,0.4
14.688,79.982,28_515_shc_2024-25.176,Kothapalle Kowrugunta,226.0,18.6,490.7,0.52
14.688,80.052,28_515_shc_2024-25.5941,Allurupeta,263.0,101.5,251.7,0.83
14.688,80.078,28_515_shc_2024-25.14355,Allur,113.0,86.3,77.5,0.13
14.688,80.098,28_515_shc_2024-25.2264,Gogulapalle,113.0,5.5,109.8,0.54
14.692,79.678,28_515_shc_2024-25.12652,Anumasamudrampeta,88.0,25.1,161.4,0.25
14.692,79.822,28_515_shc_2024-25.3683,Dundigam,88.0,8.0,167.0,1.13
14.692,79.988,28_515_shc_2024-25.3695,Kothapalle Kowrugunta,113.0,61.8,116.2,0.89
14.695,79.465,28_515_shc_2024-25.726,Nandavaram,163.0,167.0,245.0,0.91
14.695,80.085,28_515_shc_2024-25.14022,Allur,226.0,40.4,83.9,0.08
14.698,79.468,28_515_shc_2024-25.7488,Nandavaram,176.0,43.0,109.0,1.55
14.698,79.472,28_515_shc_2024-25.7441,Nandavaram,201.0,129.0,213.0,1.06
14.698,79.588,28_515_shc_2024-25.7726,Nabbinagaram,163.0,147.0,122.0,0.54
14.698,80.022,28_515_shc_2024-25.585,Singapeta,176.0,54.6,213.1,0.4
14.698,80.052,28_515_shc_2024-25.6097,Allurupeta,201.0,10.9,155.0,0.28
14.699124,79.623424,28_515_shc_2024-25.12529,Rajavolu,125.0,18.6,251.8,0.27
14.702,79.872,28_515_shc_2024-25.14729,Lingalapadu,63.0,17.0,174.0,0.77
14.702,80.008,28_515_shc_2024-25.16665,Velicherla,125.0,22.9,142.1,0.68
14.702,80.012,28_515_shc_2024-25.16698,Velicherla,176.0,29.5,277.7,0.07
14.702,80.028,28_515_shc_2024-25.15708,Singapeta,188.0,49.1,174.3,0.54
14.702,80.098,28_515_shc_2024-25.14099,Gogulapalle,138.0,14.2,142.1,0.62
14.705,79.865,28_515_shc_2024-25.10682,Katrayapadu,138.0,35.0,245.0,1.73
14.705,80.025,28_515_shc_2024-25.6691,Singapeta,201.0,65.5,316.4,1.15
14.705,80.035,28_515_shc_2024-25.14317,Singapeta,176.0,21.8,116.2,0.31
14.708,79.538,28_515_shc_2024-25.18565,Aravedu,125.0,148.0,72.0,0.63
14.708,79.842,28_515_shc_2024-25.17017,Manubolupadu,113.0,90.0,116.0,1.03
14.708,79.888,28_515_shc_2024-25.671,Katrayapadu,63.0,25.0,174.0,0.77
14.712,79.552,28_515_shc_2024-25.2879,Aravedu,113.0,164.0,84.0,1.2
14.712,79.678,28_515_shc_2024-25.12987,Anumasamudrampeta,201.0,79.7,238.9,0.18
14.712,79.882,28_515_shc_2024-25.10632,Katrayapadu,125.0,38.0,52.0,0.46
14.712,79.988,28_515_shc_2024-25.729,Ananthavaram,113.0,80.0,142.0,1.18
14.712,80.028,28_515_shc_2024-25.15529,Singapeta,163.0,25.1,400.3,1.24
14.716609,79.603583,28_515_shc_2024-25.17592,Rajavolu,75.0,99.4,174.3,0.43
14.718,79.588,28_515_shc_2024-25.19075,Rajavolu,163.0,52.4,232.5,0.28
14.718,79.722,28_515_shc_2024-25.17748,Zammavaram,88.0,41.5,303.5,0.52
14.718,79.722,28_515_shc_2024-25.17994,Zammavaram,88.0,61.1,452.0,0.27
14.718,79.732,28_515_shc_2024-25.9354,Zammavaram,276.0,25.2,284.1,0.39
14.722,79.888,28_515_shc_2024-25.2207,Katrayapadu,38.0,1.0,193.0,0.5
14.728,79.612,28_515_shc_2024-25.12920,Rajavolu,226.0,18.6,187.3,0.64
14.728,79.658,28_515_shc_2024-25.11730,Pandipadu,326.0,34.9,264.7,0.34
14.728,79.998,28_515_shc_2024-25.6699,Ulavapalle,163.0,164.0,187.0,1.3
14.728,80.012,28_515_shc_2024-25.2188,Singapeta,151.0,25.1,213.1,0.69
14.728,80.088,28_515_shc_2024-25.17201,Isakapalle,163.0,13.1,109.8,0.31
14.728,80.098,28_515_shc_2024-25.3222,Isakapalle,100.0,18.6,122.7,0.4
14.732,79.662,28_515_shc_2024-25.1033,Pedabbipuram,113.0,7.6,187.3,0.448
14.732,79.778,28_515_shc_2024-25.5594,Velpulagunta,100.0,7.6,264.7,0.58
14.732,80.058,28_515_shc_2024-25.16907,Allurupeta,151.0,74.2,90.4,0.86
14.735,79.705,28_515_shc_2025-26.9231,Kakarlapadu,163.0,31.0,161.0,0.7
14.735,80.005,28_515_shc_2024-25.14633,Singapeta,163.0,59.0,238.9,0.48
14.738,79.938,28_515_shc_2024-25.12513,Bogole,138.0,79.7,33.5,0.52
14.738,80.028,28_515_shc_2024-25.15002,Singapeta,201.0,83.0,271.2,0.15
14.738,80.058,28_515_shc_2024-25.16760,Allurupeta,213.0,16.4,64.6,1.09
14.742,79.862,28_515_shc_2024-25.7205,Bodagudipadu,188.0,25.0,238.0,0.55
14.742,80.092,28_515_shc_2024-25.2435,Isakapalle,75.0,40.4,161.4,0.62
14.745,80.055,28_515_shc_2024-25.3663,Allurupeta,138.0,22.9,77.5,0.64
14.748,80.028,28_515_shc_2024-25.15001,Singapeta,100.0,108.1,71.0,0.62
14.752,79.718,28_515_shc_2024-25.1544,Gumparlapadu,88.0,34.9,335.8,0.37
14.752,80.088,28_515_shc_2024-25.1052,Mallayapalem,100.0,36.0,135.6,0.64
14.752,80.098,28_515_shc_2024-25.16764,Isakapalle,188.0,7.6,103.3,0.39
14.753878,79.679921,28_515_shc_2024-25.4452,Gudipadu,151.0,79.7,297.0,0.45
14.755,79.915,28_515_shc_2024-25.20481,Jakkepalligudur,151.0,184.0,32.3,0.13
14.755,80.085,28_515_shc_2024-25.953,Mallayapalem,113.0,52.4,96.9,0.72
14.758,79.732,28_515_shc_2024-25.4630,Zammavaram,251.0,69.9,238.9,0.47
14.758,79.752,28_515_shc_2024-25.22954,Kavali Musthapuram,263.0,75.3,96.9,0.91
14.758,79.992,28_515_shc_2024-25.9425,Bogole,125.0,138.0,71.0,0.2
14.758,79.992,28_515_shc_2024-25.9413,Bogole,188.0,13.0,71.0,0.93
14.759563,79.711715,28_515_shc_2024-25.11806,Gumparlapadu,88.0,52.4,122.7,0.4
14.761778,79.704763,28_515_shc_2024-25.12379,Gumparlapadu,125.0,41.5,213.1,0.33
14.762,79.828,28_515_shc_2024-25.23018,Gudladona,188.0,7.6,64.6,0.14
14.764844,79.708195,28_515_shc_2024-25.12323,Gumparlapadu,163.0,62.2,180.8,0.26
14.765781,79.705291,28_515_shc_2024-25.12281,Gumparlapadu,100.0,25.1,96.9,0.36
14.768,79.732,28_515_shc_2024-25.22868,Velagapadu,125.0,62.2,77.5,0.38
14.768,79.832,28_515_shc_2023-24.7786,Gudladona,100.0,164.0,109.0,0.38
14.772,79.512,28_515_shc_2024-25.18276,Sankavaram,176.0,1.1,174.3,0.77
14.782,79.738,28_515_shc_2024-25.22810,Velagapadu,238.0,90.6,71.0,0.28
14.78367,79.509273,28_515_shc_2024-25.21364,Sankavaram,100.0,17.5,129.1,0.26
14.784418,79.723288,28_515_shc_2024-25.22819,Kavali Musthapuram,163.0,27.3,103.3,0.72
14.785,79.485,28_515_shc_2024-25.20787,Nallagonda,113.0,25.1,193.7,0.24
14.785,79.905,28_515_shc_2024-25.9898,Chamadala,63.0,164.0,413.3,0.28
14.785344,79.492269,28_515_shc_2024-25.7974,Gundemadakala,176.0,17.5,90.4,0.48
14.785862,79.482093,28_515_shc_2024-25.7972,Gundemadakala,138.0,17.5,284.1,0.17
14.788,79.998,28_515_shc_2024-25.2602,Kovurpalle,151.0,69.9,83.9,0.95
14.792,79.898,28_515_shc_2024-25.13659,Chamadala,100.0,164.0,426.2,0.21
14.792,80.072,28_515_shc_2024-25.5602,Juvvaladinne,226.0,49.0,90.0,0.01
14.798,79.748,28_515_shc_2024-25.23138,Pedakonduru,125.0,163.8,122.7,1.08
14.798,79.798,28_515_shc_2024-25.23256,Lakshmipuram,113.0,34.9,167.9,0.9
14.798,79.908,28_515_shc_2024-25.9886,Chamadala,213.0,79.7,413.3,0.53
14.798,80.002,28_515_shc_2024-25.5093,Allimadugu,100.0,49.1,103.3,0.82
14.798,80.008,28_515_shc_2024-25.5878,Allimadugu,151.0,18.6,38.7,0.28
14.798,80.012,28_515_shc_2024-25.11835,Mungamur,113.0,164.0,19.4,0.41
14.798,80.038,28_515_shc_2024-25.11923,Juvvaladinne,113.0,57.0,135.0,0.5
14.798,80.052,28_515_shc_2024-25.1537,Juvvaladinne,151.0,35.0,58.0,0.31
14.798,80.068,28_515_shc_2024-25.17556,Juvvaladinne,50.0,129.0,90.0,0.31
14.802,79.688,28_515_shc_2024-25.23194,Venkannapalem,188.0,16.4,64.6,0.41
14.802,79.792,28_515_shc_2024-25.23044,Parikota,100.0,102.6,83.9,0.45
14.802,79.798,28_515_shc_2024-25.22862,Lakshmipuram,125.0,16.4,109.8,0.27
14.808,79.802,28_515_shc_2024-25.22926,Parikota,88.0,97.2,83.9,0.41
14.808,79.972,28_515_shc_2024-25.1239,Brahmanakraka,50.0,164.0,452.0,0.39
14.808,80.068,28_515_shc_2024-25.19970,Juvvaladinne,163.0,27.0,71.0,0.76
14.812,79.588,28_515_shc_2024-25.11420,Vinjamur,100.0,69.9,96.9,0.44
14.812,79.748,28_515_shc_2024-25.22784,Pedakonduru,125.0,60.1,90.4,1.0
14.812,79.828,28_515_shc_2024-25.2065,China Kraka,226.0,137.6,122.7,0.26
14.815,79.735,28_515_shc_2024-25.22858,Pedakonduru,113.0,29.5,90.4,0.1
14.818,79.418,28_515_shc_2024-25.4650,Rachavaripalle,100.0,164.0,97.0,0.39
14.818,79.658,28_515_shc_2024-25.23054,Nagasamudram,113.0,93.9,122.7,0.5
14.818,79.738,28_515_shc_2024-25.22869,Pedakonduru,100.0,10.9,109.8,0.23
14.818,79.762,28_515_shc_2024-25.23252,Pedakonduru,100.0,25.1,58.1,0.23
14.818,79.912,28_515_shc_2024-25.16416,Brahmanakraka,138.0,164.0,497.2,0.51
14.818,80.042,28_515_shc_2024-25.1553,Juvvaladinne,176.0,45.0,142.0,0.41
14.822,79.732,28_515_shc_2024-25.22732,Pedakonduru,163.0,10.9,83.9,0.31
14.822,79.908,28_515_shc_2024-25.16355,Jaladanki,100.0,69.9,381.0,0.26
14.825,79.695,28_515_shc_2024-25.23263,Pedakonduru,188.0,31.7,77.5,1.02
14.828,80.032,28_515_shc_2024-25.11779,Juvvaladinne,75.0,90.0,77.0,0.5
14.828319,79.994628,28_515_shc_2024-25.20785,Gowravaram,213.0,14.2,187.3,0.1
14.832,79.678,28_515_shc_2024-25.23091,Kaligiri,88.0,3.3,51.7,0.45
14.832,79.732,28_515_shc_2024-25.22861,Pedakonduru,125.0,50.2,77.5,0.12
14.832,79.898,28_515_shc_2024-25.5890,Brahmanakraka,163.0,147.4,387.4,0.26
14.832,80.062,28_515_shc_2024-25.7854,Thummalapenta,100.0,100.5,109.8,0.64
14.835,79.575,28_515_shc_2024-25.4224,Vinjamur,100.0,17.5,155.0,0.33
14.835,79.895,28_515_shc_2024-25.13533,Brahmanakraka,201.0,17.5,142.1,0.47
14.838,79.652,28_515_shc_2024-25.23125,China Annaluru,226.0,163.8,90.4,0.3
14.838,80.068,28_515_shc_2024-25.16101,Thummalapenta,138.0,29.5,83.9,0.31
14.8401,79.533909,28_515_shc_2024-25.20813,Nandigunta,151.0,34.9,161.4,0.43
14.842,79.582,28_515_shc_2024-25.18729,Vinjamur,376.0,17.5,96.9,0.23
14.842,79.748,28_515_shc_2024-25.22840,Pedakonduru,113.0,16.4,45.2,0.34
14.842,79.838,28_515_shc_2024-25.2102,China Kraka,151.0,1.1,135.6,0.34
14.842,79.888,28_515_shc_2024-25.16393,Brahmanakraka,138.0,116.8,148.5,0.3
14.843034,79.53617,28_515_shc_2024-25.20819,Nandigunta,226.0,25.1,148.5,0.33
14.843092,79.53498,28_515_shc_2024-25.20798,Nandigunta,176.0,34.9,167.9,0.5
14.845,79.405,28_515_shc_2024-25.4999,Duttalur,88.0,1.0,225.0,0.31
14.845105,79.531826,28_515_shc_2024-25.20803,Nandigunta,201.0,52.4,148.5,0.18
14.845333,79.580668,28_515_shc_2024-25.2915,Vinjamur,251.0,42.6,148.5,0.61
14.848,79.418,28_515_shc_2024-25.12018,Duttalur,151.0,52.0,180.0,0.2
14.848,79.748,28_515_shc_2024-25.22833,Pedakonduru,251.0,123.4,167.9,0.2
14.848,79.838,28_515_shc_2024-25.13817,China Kraka,100.0,52.4,122.7,0.32
14.848,80.008,28_515_shc_2024-25.19910,Thallapalem,113.0,22.9,322.9,0.24
14.849812,79.513199,28_515_shc_2024-25.7767,Utukuru,138.0,7.6,335.8,0.17
14.852,79.798,28_515_shc_2024-25.23259,Krakuturu,176.0,87.4,90.4,0.47
14.852,79.988,28_515_shc_2024-25.8109,Musunuru (Part),151.0,164.0,58.0,0.45
14.855,79.405,28_515_shc_2024-25.19297,Gattupalle,125.0,79.7,264.7,0.19
14.855,79.705,28_515_shc_2024-25.22812,Ravulakollu,163.0,120.1,71.0,0.1
14.855,79.885,28_515_shc_2024-25.13891,Brahmanakraka,163.0,42.6,200.2,0.65
14.858,79.568,28_515_shc_2024-25.10920,Vinjamur,113.0,18.6,174.3,0.25
14.858,79.892,28_515_shc_2024-25.1241,Brahmanakraka,100.0,116.8,251.8,0.27
14.858,79.988,28_515_shc_2024-25.7998,Gowravaram,138.0,14.2,187.3,0.28
14.858277,79.365639,28_515_shc_2024-25.3708,Somalaregada,113.0,164.0,161.0,0.27
14.858277,79.365639,28_515_shc_2024-25.3794,Somalaregada,75.0,109.0,116.0,1.11
14.858571,79.576755,28_515_shc_2024-25.18352,Vinjamur,201.0,69.9,129.1,0.32
14.85876,79.582821,28_515_shc_2024-25.10761,Vinjamur,88.0,41.5,187.3,0.5
14.860562,79.407346,28_515_shc_2024-25.17441,Duttalur,151.0,70.0,90.0,0.22
14.861029,79.572352,28_515_shc_2024-25.2852,Vinjamur,88.0,25.1,116.2,0.27
14.861218,79.582038,28_515_shc_2024-25.10921,Vinjamur,113.0,99.4,174.3,0.41
14.861701,79.365534,28_515_shc_2024-25.8466,Somalaregada,138.0,164.0,309.0,0.2
14.862,79.572,28_515_shc_2024-25.20559,Ravipadu,100.0,89.5,180.8,0.37
14.862,79.702,28_515_shc_2024-25.22825,Ravulakollu,176.0,159.4,45.2,0.29
14.862,79.758,28_515_shc_2024-25.23040,Krakuturu,100.0,100.5,64.6,0.98
14.863865,79.574798,28_515_shc_2024-25.20569,Ravipadu,188.0,69.9,238.9,0.19
14.865904,79.580472,28_515_shc_2024-25.18349,Katepalle,176.0,17.5,129.1,0.33
14.868,79.988,28_515_shc_2024-25.20243,Musunuru (Part),138.0,164.0,180.0,0.0
14.868,79.998,28_515_shc_2024-25.20414,Anemadugu,88.0,25.1,90.4,0.31
14.872,79.898,28_515_shc_2024-25.3092,Jaladanki,176.0,1.1,406.8,0.24
14.872,79.988,28_515_shc_2024-25.19904,Mannangidinne,138.0,5.5,116.2,0.74
14.875,79.905,28_515_shc_2024-25.21338,Jammalapalem,176.0,34.9,355.1,0.47
14.876282,79.90194,28_515_shc_2024-25.2076,Jaladanki,125.0,137.6,148.5,0.52
14.878,79.908,28_515_shc_2024-25.1716,Jaladanki,263.0,34.9,452.0,0.36
14.882,79.428,28_515_shc_2024-25.11931,Narrawada,113.0,164.0,97.0,0.26
14.882,79.848,28_515_shc_2024-25.19351,Annavaram,100.0,164.0,316.4,0.75
14.882,79.908,28_515_shc_2024-25.13638,Jaladanki,163.0,164.0,122.7,0.52
14.882,79.912,28_515_shc_2024-25.19195,Jaladanki,163.0,164.0,155.0,0.16
14.882706,79.910505,28_515_shc_2024-25.1730,Brahmanakraka,138.0,116.8,148.5,0.3
14.884256,79.957311,28_515_shc_2024-25.1484,Budamagunta,201.0,164.0,193.0,1.24
14.886735,79.907462,28_515_shc_2024-25.16624,Jaladanki,163.0,99.4,174.3,0.35
14.888,79.428,28_515_shc_2024-25.12007,Narrawada,125.0,62.0,148.0,0.43
14.888,79.948,28_515_shc_2024-25.1260,Budamagunta,151.0,164.0,148.0,0.1
14.888,80.018,28_515_shc_2024-25.16156,Thallapalem,100.0,74.0,71.0,1.49
14.892,79.458,28_515_shc_2024-25.12223,Narrawada,151.0,164.0,129.0,1.11
14.895,79.595,28_515_shc_2024-25.18219,Katepalle,176.0,42.6,167.9,0.52
14.895,79.775,28_515_shc_2024-25.19553,Kesavaram,226.0,25.1,529.5,0.22
14.898,79.992,28_515_shc_2024-25.2785,Mannangidinne,138.0,122.0,155.0,0.35
14.902,79.562,28_515_shc_2024-25.22915,Gudladona,151.0,85.2,135.6,0.21
14.902,79.788,28_515_shc_2024-25.2094,Kesavaram,88.0,42.6,458.5,0.54
14.908,79.648,28_515_shc_2024-25.23154,China Annaluru,125.0,22.9,109.8,0.77
14.912,79.418,28_515_shc_2024-25.12861,Theddupadu,50.0,35.0,39.0,0.15
14.912,80.042,28_515_shc_2024-25.16116,Thummalapenta,88.0,110.3,316.4,0.36
14.912415,79.42392,28_515_shc_2024-25.17868,Theddupadu,50.0,70.0,52.0,0.14
14.915,79.705,28_515_shc_2024-25.23107,China Annaluru,100.0,131.0,245.4,0.54
14.915923,79.585342,28_515_shc_2024-25.10278,Gottigundala,213.0,1.1,167.9,0.23
14.917177,79.584242,28_515_shc_2024-25.17100,Gottigundala,125.0,164.0,155.0,0.35
14.918,79.472,28_515_shc_2024-25.2532,Kothapeta,138.0,117.0,122.0,1.11
14.918,80.042,28_515_shc_2024-25.16054,Thummalapenta,213.0,47.0,187.3,0.77
14.92246,79.419639,28_515_shc_2024-25.5490,Theddupadu,50.0,164.0,116.0,0.45
14.926259,79.433269,28_515_shc_2024-25.12886,Theddupadu,138.0,62.0,58.0,0.45
14.928,79.678,28_515_shc_2024-25.6312,Settipalem,151.0,137.6,484.3,0.18
14.928,79.988,28_515_shc_2024-25.15891,Maddurupadu (Part),138.0,99.0,64.0,0.53
14.92869,79.589899,28_515_shc_2024-25.7025,Gottigundala,176.0,137.6,187.3,1.3
14.932,79.548,28_515_shc_2024-25.20864,Thamidapadu,213.0,1.1,174.3,0.45
14.932973,79.595435,28_515_shc_2024-25.10095,Gottigundala,151.0,157.2,187.3,0.44
14.933349,79.444278,28_515_shc_2024-25.12949,Theddupadu,100.0,164.0,64.0,0.14
14.933592,79.595534,28_515_shc_2024-25.6937,Gottigundala,151.0,164.0,155.0,0.13
14.933602,79.449083,28_515_shc_2024-25.21311,Thimmapuram,188.0,164.0,45.0,0.22
14.933771,79.447248,28_515_shc_2024-25.20056,Thimmapuram,100.0,129.0,109.0,0.26
14.934277,79.418765,28_515_shc_2024-25.5291,Theddupadu,163.0,138.0,97.0,0.39
14.935,80.055,28_515_shc_2024-25.21225,Thummalapenta,125.0,164.0,97.0,1.49
14.935206,79.417804,28_515_shc_2024-25.13001,Theddupadu,151.0,17.0,71.0,0.25
14.935438,79.590798,28_515_shc_2024-25.7238,Gottigundala,326.0,34.9,245.4,0.61
14.936978,79.443841,28_515_shc_2024-25.20255,Thimmapuram,75.0,164.0,148.0,0.11
14.937738,79.418503,28_515_shc_2024-25.5838,Theddupadu,125.0,70.0,122.0,0.02
14.939257,79.441482,28_515_shc_2024-25.19010,Theddupadu,113.0,27.0,64.0,0.11
14.940017,79.443753,28_515_shc_2024-25.12937,Thimmapuram,163.0,164.0,97.0,0.43
14.941029,79.459742,28_515_shc_2024-25.20350,Thimmapuram,138.0,164.0,277.0,0.27
14.941536,79.455636,28_515_shc_2024-25.20052,Thimmapuram,100.0,164.0,142.0,0.04
14.941705,79.454762,28_515_shc_2024-25.20329,Thimmapuram,151.0,164.0,161.0,0.43
14.942,79.598,28_515_shc_2024-25.14226,Challagirigala,163.0,89.5,251.8,0.75
14.945,80.025,28_515_shc_2024-25.10771,Anemadugu,163.0,16.4,83.9,0.1
14.947189,80.026144,28_515_shc_2024-25.10778,Anemadugu,113.0,29.5,142.1,0.1
14.948,79.528,28_515_shc_2024-25.4145,Chakalakonda,113.0,89.5,200.2,0.52
14.948,79.912,28_515_shc_2024-25.11500,Kothapalle,201.0,164.0,406.0,1.15
14.952,79.822,28_515_shc_2024-25.16230,Chodavaram,163.0,164.0,645.7,0.61
14.952,79.962,28_515_shc_2024-25.15914,Maddurupadu (Part),151.0,164.0,122.0,1.1
14.953875,79.963146,28_515_shc_2024-25.16031,Maddurupadu (Part),38.0,117.0,129.0,0.6
14.955,79.815,28_515_shc_2024-25.13673,Chodavaram,88.0,89.5,58.1,0.66
14.955,80.005,28_515_shc_2024-25.11055,Maddurupadu (Part),125.0,164.0,84.0,0.26
14.958,79.828,28_515_shc_2024-25.13177,Chodavaram,151.0,25.1,180.8,0.21
14.958,79.962,28_515_shc_2024-25.11383,Maddurupadu (Part),100.0,164.0,64.0,0.3
14.962,79.702,28_515_shc_2024-25.660,Ganugapenta,151.0,52.4,368.1,0.59
14.962,79.718,28_515_shc_2024-25.10416,Ganugapenta,151.0,127.8,361.6,1.06
14.962,79.758,28_515_shc_2024-25.9937,Satyavolu,38.0,1.1,232.5,0.52
14.965,79.375,28_515_shc_2024-25.20658,Alivelumangapuram,188.0,69.0,45.0,0.46
14.966161,79.75748,28_515_shc_2024-25.573,Satyavolu,125.0,164.0,426.2,0.35
14.968,79.828,28_515_shc_2024-25.2134,Chodavaram,100.0,25.1,180.8,0.31
14.970048,80.042034,28_515_shc_2024-25.18337,Chennayapalem,151.0,34.9,258.3,1.07
14.972,80.008,28_515_shc_2024-25.18775,Rudrakota,226.0,69.9,187.3,0.31
14.975,79.375,28_515_shc_2024-25.8139,Kancheruvu,314.0,79.7,77.5,0.54
14.975,79.645,28_515_shc_2024-25.3578,Chinthaladevi,113.0,17.5,116.2,0.69
14.975,80.055,28_515_shc_2024-25.19766,Chennayapalem,100.0,103.0,71.0,0.48
14.978,79.648,28_515_shc_2024-25.6877,Chinthaladevi,188.0,34.9,206.6,0.9
14.986485,79.647325,28_515_shc_2024-25.15246,Chinthaladevi,226.0,164.0,200.2,0.45
14.988,79.818,28_515_shc_2024-25.4636,Mutyalapadu,276.0,17.5,413.3,0.51
14.992,79.688,28_515_shc_2024-25.6107,Gudavalluru (Kondapuram),326.0,42.6,297.0,0.13
14.992,79.812,28_515_shc_2024-25.3743,Mutyalapadu,125.0,7.6,348.7,0.15
14.992,80.052,28_515_shc_2024-25.20780,Chennayapalem,201.0,164.0,97.0,0.1
14.998,79.602,28_515_shc_2024-25.15267,Thurpuyerraballe,113.0,34.9,238.9,0.39
14.998,79.728,28_515_shc_2024-25.6898,Parlapalle,251.0,147.4,432.6,0.27
14.998,79.822,28_515_shc_2024-25.12421,Mutyalapadu,301.0,1.1,368.1,0.27
14.998,79.838,28_515_shc_2024-25.13496,Nayudupalem,176.0,137.6,213.1,0.78
14.998,80.008,28_515_shc_2024-25.13407,Chevuru,75.0,17.5,400.3,0.15
14.998,80.042,28_515_shc_2024-25.11632,Chennayapalem,251.0,78.6,142.1,1.17
15.002,79.822,28_515_shc_2024-25.2485,Mutyalapadu,163.0,38.2,413.3,0.84
15.005,79.815,28_515_shc_2024-25.16397,Chodavaram,50.0,164.0,167.9,0.31
15.008,79.822,28_515_shc_2024-25.3899,Chinapavani,125.0,18.6,413.3,0.15
15.012,79.902,28_515_shc_2024-25.19540,Ammavari Palem,226.0,134.3,419.7,0.29
15.012,79.998,28_515_shc_2024-25.1708,Chevuru,163.0,99.4,413.3,0.2
15.022,79.722,28_515_shc_2024-25.6513,Nekunampeta,213.0,25.1,200.2,0.17
15.022,79.782,28_515_shc_2024-25.3213,Bhimavarappadu,75.0,116.8,361.6,1.14
15.022,79.808,28_515_shc_2024-25.5406,Mutyalapadu,201.0,17.5,497.2,0.26
15.022,79.858,28_515_shc_2024-25.19387,Chinala Trapi,113.0,127.8,400.3,0.27
15.022,79.868,28_515_shc_2024-25.19470,Chinala Trapi,176.0,69.9,439.1,0.16
15.022921,79.721964,28_515_shc_2024-25.18020,Nekunampeta,213.0,34.9,226.0,0.18
15.025,79.585,28_515_shc_2024-25.14322,Iskadamerla,188.0,164.0,122.7,0.4
15.025,80.025,28_515_shc_2024-25.13228,Ravur,88.0,17.5,96.8,0.15
15.028,79.808,28_515_shc_2024-25.9076,Mutyalapadu,301.0,1.1,535.9,0.39
15.032,79.852,28_515_shc_2024-25.19473,Chinala Trapi,88.0,114.6,142.1,0.29
15.03213,79.712426,28_515_shc_2024-25.7239,Nekunampeta,163.0,7.6,155.6,0.38
15.034682,79.717137,28_515_shc_2024-25.5967,Nekunampeta,75.0,164.0,226.0,0.33
15.035,79.595,28_515_shc_2024-25.10420,Iskadamerla,163.0,1.1,297.0,0.46
15.035,79.745,28_515_shc_2024-25.17214,Saipeta,163.0,25.1,167.9,0.23
15.038,79.418,28_515_shc_2024-25.2948,Damancherla,251.0,41.0,71.0,0.08
15.038,79.492,28_515_shc_2024-25.10988,Turpurompidodla,176.0,33.8,381.0,0.21
15.038,79.752,28_515_shc_2024-25.3247,Saipeta,113.0,164.0,271.2,0.15
15.042,79.718,28_515_shc_2024-25.1621,Racheruvurajupalem,188.0,52.4,206.6,0.19
15.044387,79.671132,28_515_shc_2024-25.20290,Narasimhapuram,151.0,27.3,445.5,0.29
15.045,79.405,28_515_shc_2024-25.18854,Vempadu,163.0,229.0,83.0,0.08
15.048,79.648,28_515_shc_2024-25.3613,Veligandla,113.0,164.0,187.3,0.19
15.052,79.668,28_515_shc_2024-25.20323,Racheruvurajupalem,176.0,69.9,439.1,0.21
15.052,80.042,28_515_shc_2024-25.2878,Ramayapatnam,125.0,25.1,226.0,0.26
15.058,79.662,28_515_shc_2024-25.5641,Racheruvurajupalem,113.0,34.9,129.1,0.27
15.062,79.668,28_515_shc_2024-25.20326,Racheruvurajupalem,100.0,164.0,458.5,0.17
15.062,80.002,28_515_shc_2024-25.16508,Mocherla,213.0,157.2,64.6,0.51
15.065,80.005,28_515_shc_2024-25.2147,Mocherla,163.0,99.4,232.5,0.71
15.067255,79.719653,28_515_shc_2024-25.13018,Cheemalapenta,163.0,34.9,142.0,0.26
15.072,79.928,28_515_shc_2024-25.19218,Swarnajipuram,289.0,89.5,432.6,0.23
15.085403,80.029993,28_515_shc_2024-25.1970,Chaki Cherla,176.0,16.4,251.8,0.75
15.087081,80.027342,28_515_shc_2024-25.11399,Chaki Cherla,63.0,18.6,155.0,0.43
15.088,80.028,28_515_shc_2024-25.11208,Chaki Cherla,100.0,8.7,381.0,0.49
15.088,80.032,28_515_shc_2024-25.11309,Chaki Cherla,113.0,22.9,83.9,0.19
15.088,80.042,28_515_shc_2024-25.18940,Chaki Cherla,125.0,8.7,148.5,0.51
15.089427,80.03966,28_515_shc_2024-25.18942,Chaki Cherla,100.0,5.5,51.7,0.23
15.089472,80.030427,28_515_shc_2024-25.11307,Chaki Cherla,138.0,16.4,645.2,0.54
15.091276,80.02795,28_515_shc_2024-25.11416,Chaki Cherla,88.0,27.3,64.6,0.41
15.092826,79.714941,28_515_shc_2024-25.20914,Mukteswaram,125.0,1.1,100.3,0.24
15.095407,79.712649,28_515_shc_2024-25.20904,Thimmareddy Palem,176.0,1.1,341.7,0.57
15.095407,79.712649,28_515_shc_2024-25.12543,Lingasamudram,138.0,62.2,374.5,0.66
15.098,79.872,28_515_shc_2024-25.3142,Gundlapalem,38.0,89.5,155.0,0.41
15.108,79.792,28_515_shc_2024-25.402,Veera Raghavuni Kota,251.0,116.8,329.3,0.44
15.108,79.928,28_515_shc_2024-25.11133,Baddepudi,163.0,16.4,64.6,0.47
15.108434,79.713158,28_515_shc_2024-25.907,Pentrala,138.0,34.9,129.1,0.32
15.109717,79.788493,28_515_shc_2024-25.3735,Veera Raghavuni Kota,213.0,17.5,503.7,0.43
15.111875,79.716724,28_515_shc_2024-25.17874,Vengalapuram,176.0,164.0,471.4,0.15
15.112,79.788,28_515_shc_2024-25.3701,Veera Raghavuni Kota,213.0,17.5,400.3,0.4
15.114088,79.719399,28_515_shc_2024-25.17885,Vengalapuram,176.0,164.0,361.6,0.23
15.114391,79.775228,28_515_shc_2024-25.4589,Veera Raghavuni Kota,188.0,116.8,355.1,0.52
15.115,80.035,28_515_shc_2024-25.8114,Karedu,88.0,3.3,406.8,0.37
15.118,79.702,28_515_shc_2024-25.17936,Vengalapuram,125.0,7.6,452.0,0.17
15.118,79.888,28_515_shc_2024-25.13332,Gundlapalem,75.0,164.0,148.5,0.2
15.125,79.945,28_515_shc_2024-25.2831,Baddepudi,238.0,25.1,38.7,0.52
15.130206,79.95269,28_515_shc_2024-25.8332,Bheemavaram,188.0,10.9,180.8,0.14
15.132,79.958,28_515_shc_2024-25.10962,Veerepalle,188.0,14.2,51.7,0.18
15.133865,79.963692,28_515_shc_2024-25.1955,Bheemavaram,75.0,229.0,103.3,0.31
15.13494,79.960072,28_515_shc_2024-25.5525,Madanagopalapuram,201.0,7.6,477.8,0.19
15.135141,79.956606,28_515_shc_2024-25.7925,Bheemavaram,125.0,5.5,25.8,0.33
15.142,80.008,28_515_shc_2024-25.18263,K.Rajupalem,113.0,10.9,109.8,0.15
15.143821,80.005442,28_515_shc_2024-25.8094,K.Rajupalem,188.0,31.7,45.2,0.49
15.148,79.782,28_515_shc_2024-25.3045,Kondasamudram,63.0,34.9,645.7,0.69
15.148,79.818,28_515_shc_2024-25.919,Sakhavaram,163.0,1.1,329.3,0.26
15.152,79.778,28_515_shc_2024-25.4802,Veera Raghavuni Kota,188.0,1.1,116.2,0.45
15.152,79.782,28_515_shc_2024-25.17768,Kondasamudram,88.0,62.2,645.7,0.29
15.162,79.892,28_515_shc_2024-25.2652,Mopadu,138.0,69.9,419.7,0.2
15.162,79.942,28_515_shc_2024-25.4408,Donda Padu,163.0,89.5,484.3,0.15
15.162735,79.975129,28_515_shc_2024-25.8293,Kollurupadu,251.0,5.5,471.4,0.15
15.164408,79.967001,28_515_shc_2024-25.10692,Atmakur,314.0,16.4,71.0,0.58
15.165,79.725,28_515_shc_2024-25.2687,Ayyavaripalle,251.0,1.1,213.1,0.45
15.165,79.855,28_515_shc_2024-25.9105,Singamnenipalle,88.0,100.5,309.9,0.74
15.165288,79.966784,28_515_shc_2024-25.8433,Atmakur,125.0,48.0,64.6,0.4
15.165909,79.966458,28_515_shc_2024-25.1410,Atmakur,88.0,6.6,83.9,0.31
15.168,79.732,28_515_shc_2024-25.17727,Voletivaripalem,75.0,82.2,568.2,0.21
15.172,79.772,28_515_shc_2024-25.4815,Sameerapalem,163.0,42.6,135.6,0.75
15.172,79.788,28_515_shc_2024-25.1186,Sameerapalem,251.0,1.1,426.2,0.75
15.172,79.792,28_515_shc_2024-25.9519,Sameerapalem,138.0,34.9,232.5,0.66
15.178,79.892,28_515_shc_2024-25.4918,Mopadu,151.0,62.2,135.6,0.4
15.178,79.982,28_515_shc_2024-25.1281,Atmakur,125.0,81.9,64.6,0.25
15.178,80.022,28_515_shc_2024-25.11189,Karedu,151.0,3.3,103.3,0.15
15.17898,79.97861,28_515_shc_2024-25.7750,Atmakur,125.0,57.9,90.4,0.39
15.179923,79.977763,28_515_shc_2024-25.7654,Atmakur,125.0,31.7,161.4,0.25
15.180091,79.977611,28_515_shc_2024-25.7674,Atmakur,125.0,22.9,71.0,0.52
15.182,79.812,28_515_shc_2024-25.9734,Nekunampuram @ Pokur,176.0,116.8,613.4,0.54
15.182,79.842,28_515_shc_2024-25.4882,Nekunampuram @ Pokur,75.0,164.0,452.0,0.55
15.188,79.768,28_515_shc_2024-25.4835,East Polineni Palem,176.0,79.7,161.4,0.64
15.188,79.838,28_515_shc_2024-25.13036,Nekunampuram @ Pokur,213.0,69.9,400.3,0.49
15.188,79.842,28_515_shc_2024-25.467,Nekunampuram @ Pokur,188.0,132.1,142.1,0.67
15.188,79.892,28_515_shc_2024-25.9081,Kondamudusu Palem,176.0,127.8,497.2,0.31
15.192,79.818,28_515_shc_2024-25.12549,Nekunampuram @ Pokur,263.0,34.9,180.8,0.29
15.195,79.765,28_515_shc_2024-25.4898,East Polineni Palem,163.0,147.4,284.1,0.59
15.195,79.805,28_515_shc_2024-25.12636,Nekunampuram @ Pokur,63.0,69.9,206.6,0.45
15.202,79.848,28_515_shc_2024-25.5335,Kakutur,138.0,164.0,400.3,0.38
15.202,79.852,28_515_shc_2024-25.8939,Kakutur,75.0,42.6,213.1,0.39
15.202,79.862,28_515_shc_2024-25.838,Kakutur,138.0,79.7,277.7,0.53
15.202,79.928,28_515_shc_2024-25.1625,Anandapuram,100.0,147.4,413.3,0.39
15.205,79.855,28_515_shc_2024-25.5352,Kakutur,163.0,62.2,218.1,0.34
15.208,79.682,28_515_shc_2024-25.8747,Polineni Cheruvu,163.0,164.0,200.2,0.24
15.208,79.818,28_515_shc_2024-25.9347,Nukavaram,226.0,164.0,193.9,0.19
15.208,79.838,28_515_shc_2024-25.1196,Nukavaram,201.0,25.1,326.0,0.76
15.208,79.868,28_515_shc_2024-25.17331,KANDUKUR,163.0,164.0,206.6,0.14
15.208,79.898,28_515_shc_2024-25.2686,Kancharagunta,138.0,164.0,342.2,0.25
15.212,79.892,28_515_shc_2024-25.20017,KANDUKUR,176.0,116.8,400.3,0.21
15.228,79.878,28_515_shc_2024-25.20024,KANDUKUR,201.0,164.0,393.9,0.39
15.252,79.882,28_515_shc_2024-25.21199,Kovur,201.0,5.5,109.8,0.35
15.268,79.898,28_515_shc_2024-25.11839,Kondikandukur,151.0,7.6,226.0,0.31
15.278,79.572,28_515_shc_2024-25.12229,G.Meka Padu,100.0,157.2,406.8,0.07
15.288,79.918,28_515_shc_2024-25.19018,Vikkiralapeta,163.0,7.6,45.2,0.28
15.292,79.918,28_515_shc_2024-25.19047,Vikkiralapeta,113.0,164.0,142.1,0.34
